Command line invocation:
    /Applications/Xcode.app/Contents/Developer/usr/bin/xcodebuild -workspace BibleAppPOCV2.xcodeproj/project.xcworkspace -scheme BibleAppPOCV2 -destination "platform=iOS Simulator,name=iPhone 16" clean build

ComputePackagePrebuildTargetDependencyGraph

CreateBuildRequest

SendProjectDescription

CreateBuildOperation

** CLEAN SUCCEEDED **

ComputePackagePrebuildTargetDependencyGraph

Prepare packages

CreateBuildRequest

SendProjectDescription

CreateBuildOperation

ComputeTargetDependencyGraph
note: Building targets in dependency order
note: Target dependency graph (1 target)
    Target 'BibleAppPOCV2' in project 'BibleAppPOCV2' (no dependencies)

GatherProvisioningInputs

CreateBuildDescription

ExecuteExternalTool /Applications/Xcode.app/Contents/Developer/Toolchains/XcodeDefault.xctoolchain/usr/bin/clang -v -E -dM -isysroot /Applications/Xcode.app/Contents/Developer/Platforms/iPhoneSimulator.platform/Developer/SDKs/iPhoneSimulator18.5.sdk -x c -c /dev/null

ExecuteExternalTool /usr/bin/what -q /Applications/Xcode.app/Contents/Developer/Toolchains/XcodeDefault.xctoolchain/usr/bin/coremlc

ExecuteExternalTool /Applications/Xcode.app/Contents/Developer/Toolchains/XcodeDefault.xctoolchain/usr/bin/coremlc generate /Users/jeffhedrick/Pictures/GitHub/BibleAppPOCV2/BibleAppPOCV2/Resources/ML/flan_t5_encoder.mlpackage /Users/jeffhedrick/Library/Developer/Xcode/DerivedData/BibleAppPOCV2-adkitdvigthbrbbfojrmuqlfmctd/Build/Intermediates.noindex/BibleAppPOCV2.build/Debug-iphonesimulator/BibleAppPOCV2.build/DerivedSources/CoreMLGenerated/flan_t5_encoder --dry-run yes --deployment-target 18.5 --sdkroot /Applications/Xcode.app/Contents/Developer/Platforms/iPhoneSimulator.platform/Developer/SDKs/iPhoneSimulator18.5.sdk --platform ios --output-partial-info-plist /Users/jeffhedrick/Library/Developer/Xcode/DerivedData/BibleAppPOCV2-adkitdvigthbrbbfojrmuqlfmctd/Build/Intermediates.noindex/BibleAppPOCV2.build/Debug-iphonesimulator/BibleAppPOCV2.build/flan_t5_encoder-CoreMLPartialInfo.plist --container bundle-resources --language Swift --swift-version 5.0

ExecuteExternalTool /Applications/Xcode.app/Contents/Developer/usr/bin/actool --print-asset-tag-combinations --output-format xml1 /Users/jeffhedrick/Pictures/GitHub/BibleAppPOCV2/BibleAppPOCV2/Assets.xcassets

ExecuteExternalTool /Applications/Xcode.app/Contents/Developer/usr/bin/actool --version --output-format xml1

ExecuteExternalTool /Applications/Xcode.app/Contents/Developer/Toolchains/XcodeDefault.xctoolchain/usr/bin/swiftc --version

ExecuteExternalTool /Applications/Xcode.app/Contents/Developer/Toolchains/XcodeDefault.xctoolchain/usr/bin/ld -version_details

Build description signature: 8d5f7372ce9c87f47f15110b88fce606
Build description path: /Users/jeffhedrick/Library/Developer/Xcode/DerivedData/BibleAppPOCV2-adkitdvigthbrbbfojrmuqlfmctd/Build/Intermediates.noindex/XCBuildData/8d5f7372ce9c87f47f15110b88fce606.xcbuilddata
ClangStatCache /Applications/Xcode.app/Contents/Developer/Toolchains/XcodeDefault.xctoolchain/usr/bin/clang-stat-cache /Applications/Xcode.app/Contents/Developer/Platforms/iPhoneSimulator.platform/Developer/SDKs/iPhoneSimulator18.5.sdk /Users/jeffhedrick/Library/Developer/Xcode/DerivedData/SDKStatCaches.noindex/iphonesimulator18.5-22F76-d5fc8ad4295d2ef488fb7d0f804ce0c4.sdkstatcache
    cd /Users/jeffhedrick/Pictures/GitHub/BibleAppPOCV2/BibleAppPOCV2.xcodeproj
    /Applications/Xcode.app/Contents/Developer/Toolchains/XcodeDefault.xctoolchain/usr/bin/clang-stat-cache /Applications/Xcode.app/Contents/Developer/Platforms/iPhoneSimulator.platform/Developer/SDKs/iPhoneSimulator18.5.sdk -o /Users/jeffhedrick/Library/Developer/Xcode/DerivedData/SDKStatCaches.noindex/iphonesimulator18.5-22F76-d5fc8ad4295d2ef488fb7d0f804ce0c4.sdkstatcache

CreateBuildDirectory /Users/jeffhedrick/Library/Developer/Xcode/DerivedData/BibleAppPOCV2-adkitdvigthbrbbfojrmuqlfmctd/Build/Products
    cd /Users/jeffhedrick/Pictures/GitHub/BibleAppPOCV2/BibleAppPOCV2.xcodeproj
    builtin-create-build-directory /Users/jeffhedrick/Library/Developer/Xcode/DerivedData/BibleAppPOCV2-adkitdvigthbrbbfojrmuqlfmctd/Build/Products

CreateBuildDirectory /Users/jeffhedrick/Library/Developer/Xcode/DerivedData/BibleAppPOCV2-adkitdvigthbrbbfojrmuqlfmctd/Build/Intermediates.noindex
    cd /Users/jeffhedrick/Pictures/GitHub/BibleAppPOCV2/BibleAppPOCV2.xcodeproj
    builtin-create-build-directory /Users/jeffhedrick/Library/Developer/Xcode/DerivedData/BibleAppPOCV2-adkitdvigthbrbbfojrmuqlfmctd/Build/Intermediates.noindex

CreateBuildDirectory /Users/jeffhedrick/Library/Developer/Xcode/DerivedData/BibleAppPOCV2-adkitdvigthbrbbfojrmuqlfmctd/Build/Products/Debug-iphonesimulator
    cd /Users/jeffhedrick/Pictures/GitHub/BibleAppPOCV2/BibleAppPOCV2.xcodeproj
    builtin-create-build-directory /Users/jeffhedrick/Library/Developer/Xcode/DerivedData/BibleAppPOCV2-adkitdvigthbrbbfojrmuqlfmctd/Build/Products/Debug-iphonesimulator

CreateBuildDirectory /Users/jeffhedrick/Library/Developer/Xcode/DerivedData/BibleAppPOCV2-adkitdvigthbrbbfojrmuqlfmctd/Build/Intermediates.noindex/EagerLinkingTBDs/Debug-iphonesimulator
    cd /Users/jeffhedrick/Pictures/GitHub/BibleAppPOCV2/BibleAppPOCV2.xcodeproj
    builtin-create-build-directory /Users/jeffhedrick/Library/Developer/Xcode/DerivedData/BibleAppPOCV2-adkitdvigthbrbbfojrmuqlfmctd/Build/Intermediates.noindex/EagerLinkingTBDs/Debug-iphonesimulator

WriteAuxiliaryFile /Users/jeffhedrick/Library/Developer/Xcode/DerivedData/BibleAppPOCV2-adkitdvigthbrbbfojrmuqlfmctd/Build/Intermediates.noindex/BibleAppPOCV2.build/Debug-iphonesimulator/BibleAppPOCV2-99924e9b2ef5a2fc9f4a3c39916fb9de-VFS-iphonesimulator/all-product-headers.yaml
    cd /Users/jeffhedrick/Pictures/GitHub/BibleAppPOCV2/BibleAppPOCV2.xcodeproj
    write-file /Users/jeffhedrick/Library/Developer/Xcode/DerivedData/BibleAppPOCV2-adkitdvigthbrbbfojrmuqlfmctd/Build/Intermediates.noindex/BibleAppPOCV2.build/Debug-iphonesimulator/BibleAppPOCV2-99924e9b2ef5a2fc9f4a3c39916fb9de-VFS-iphonesimulator/all-product-headers.yaml

WriteAuxiliaryFile /Users/jeffhedrick/Library/Developer/Xcode/DerivedData/BibleAppPOCV2-adkitdvigthbrbbfojrmuqlfmctd/Build/Intermediates.noindex/BibleAppPOCV2.build/Debug-iphonesimulator/BibleAppPOCV2.build/empty-BibleAppPOCV2.plist (in target 'BibleAppPOCV2' from project 'BibleAppPOCV2')
    cd /Users/jeffhedrick/Pictures/GitHub/BibleAppPOCV2
    write-file /Users/jeffhedrick/Library/Developer/Xcode/DerivedData/BibleAppPOCV2-adkitdvigthbrbbfojrmuqlfmctd/Build/Intermediates.noindex/BibleAppPOCV2.build/Debug-iphonesimulator/BibleAppPOCV2.build/empty-BibleAppPOCV2.plist

WriteAuxiliaryFile /Users/jeffhedrick/Library/Developer/Xcode/DerivedData/BibleAppPOCV2-adkitdvigthbrbbfojrmuqlfmctd/Build/Intermediates.noindex/BibleAppPOCV2.build/Debug-iphonesimulator/BibleAppPOCV2.build/BibleAppPOCV2.hmap (in target 'BibleAppPOCV2' from project 'BibleAppPOCV2')
    cd /Users/jeffhedrick/Pictures/GitHub/BibleAppPOCV2
    write-file /Users/jeffhedrick/Library/Developer/Xcode/DerivedData/BibleAppPOCV2-adkitdvigthbrbbfojrmuqlfmctd/Build/Intermediates.noindex/BibleAppPOCV2.build/Debug-iphonesimulator/BibleAppPOCV2.build/BibleAppPOCV2.hmap

WriteAuxiliaryFile /Users/jeffhedrick/Library/Developer/Xcode/DerivedData/BibleAppPOCV2-adkitdvigthbrbbfojrmuqlfmctd/Build/Intermediates.noindex/BibleAppPOCV2.build/Debug-iphonesimulator/BibleAppPOCV2.build/BibleAppPOCV2.DependencyStaticMetadataFileList (in target 'BibleAppPOCV2' from project 'BibleAppPOCV2')
    cd /Users/jeffhedrick/Pictures/GitHub/BibleAppPOCV2
    write-file /Users/jeffhedrick/Library/Developer/Xcode/DerivedData/BibleAppPOCV2-adkitdvigthbrbbfojrmuqlfmctd/Build/Intermediates.noindex/BibleAppPOCV2.build/Debug-iphonesimulator/BibleAppPOCV2.build/BibleAppPOCV2.DependencyStaticMetadataFileList

WriteAuxiliaryFile /Users/jeffhedrick/Library/Developer/Xcode/DerivedData/BibleAppPOCV2-adkitdvigthbrbbfojrmuqlfmctd/Build/Intermediates.noindex/BibleAppPOCV2.build/Debug-iphonesimulator/BibleAppPOCV2.build/BibleAppPOCV2.DependencyMetadataFileList (in target 'BibleAppPOCV2' from project 'BibleAppPOCV2')
    cd /Users/jeffhedrick/Pictures/GitHub/BibleAppPOCV2
    write-file /Users/jeffhedrick/Library/Developer/Xcode/DerivedData/BibleAppPOCV2-adkitdvigthbrbbfojrmuqlfmctd/Build/Intermediates.noindex/BibleAppPOCV2.build/Debug-iphonesimulator/BibleAppPOCV2.build/BibleAppPOCV2.DependencyMetadataFileList

WriteAuxiliaryFile /Users/jeffhedrick/Library/Developer/Xcode/DerivedData/BibleAppPOCV2-adkitdvigthbrbbfojrmuqlfmctd/Build/Intermediates.noindex/BibleAppPOCV2.build/Debug-iphonesimulator/BibleAppPOCV2.build/BibleAppPOCV2-project-headers.hmap (in target 'BibleAppPOCV2' from project 'BibleAppPOCV2')
    cd /Users/jeffhedrick/Pictures/GitHub/BibleAppPOCV2
    write-file /Users/jeffhedrick/Library/Developer/Xcode/DerivedData/BibleAppPOCV2-adkitdvigthbrbbfojrmuqlfmctd/Build/Intermediates.noindex/BibleAppPOCV2.build/Debug-iphonesimulator/BibleAppPOCV2.build/BibleAppPOCV2-project-headers.hmap

WriteAuxiliaryFile /Users/jeffhedrick/Library/Developer/Xcode/DerivedData/BibleAppPOCV2-adkitdvigthbrbbfojrmuqlfmctd/Build/Intermediates.noindex/BibleAppPOCV2.build/Debug-iphonesimulator/BibleAppPOCV2.build/DerivedSources/Entitlements-Simulated.plist (in target 'BibleAppPOCV2' from project 'BibleAppPOCV2')
    cd /Users/jeffhedrick/Pictures/GitHub/BibleAppPOCV2
    write-file /Users/jeffhedrick/Library/Developer/Xcode/DerivedData/BibleAppPOCV2-adkitdvigthbrbbfojrmuqlfmctd/Build/Intermediates.noindex/BibleAppPOCV2.build/Debug-iphonesimulator/BibleAppPOCV2.build/DerivedSources/Entitlements-Simulated.plist

WriteAuxiliaryFile /Users/jeffhedrick/Library/Developer/Xcode/DerivedData/BibleAppPOCV2-adkitdvigthbrbbfojrmuqlfmctd/Build/Intermediates.noindex/BibleAppPOCV2.build/Debug-iphonesimulator/BibleAppPOCV2.build/Objects-normal/arm64/BibleAppPOCV2.SwiftFileList (in target 'BibleAppPOCV2' from project 'BibleAppPOCV2')
    cd /Users/jeffhedrick/Pictures/GitHub/BibleAppPOCV2
    write-file /Users/jeffhedrick/Library/Developer/Xcode/DerivedData/BibleAppPOCV2-adkitdvigthbrbbfojrmuqlfmctd/Build/Intermediates.noindex/BibleAppPOCV2.build/Debug-iphonesimulator/BibleAppPOCV2.build/Objects-normal/arm64/BibleAppPOCV2.SwiftFileList

WriteAuxiliaryFile /Users/jeffhedrick/Library/Developer/Xcode/DerivedData/BibleAppPOCV2-adkitdvigthbrbbfojrmuqlfmctd/Build/Intermediates.noindex/BibleAppPOCV2.build/Debug-iphonesimulator/BibleAppPOCV2.build/Objects-normal/arm64/BibleAppPOCV2.LinkFileList (in target 'BibleAppPOCV2' from project 'BibleAppPOCV2')
    cd /Users/jeffhedrick/Pictures/GitHub/BibleAppPOCV2
    write-file /Users/jeffhedrick/Library/Developer/Xcode/DerivedData/BibleAppPOCV2-adkitdvigthbrbbfojrmuqlfmctd/Build/Intermediates.noindex/BibleAppPOCV2.build/Debug-iphonesimulator/BibleAppPOCV2.build/Objects-normal/arm64/BibleAppPOCV2.LinkFileList

WriteAuxiliaryFile /Users/jeffhedrick/Library/Developer/Xcode/DerivedData/BibleAppPOCV2-adkitdvigthbrbbfojrmuqlfmctd/Build/Intermediates.noindex/BibleAppPOCV2.build/Debug-iphonesimulator/BibleAppPOCV2.build/Objects-normal/arm64/BibleAppPOCV2-OutputFileMap.json (in target 'BibleAppPOCV2' from project 'BibleAppPOCV2')
    cd /Users/jeffhedrick/Pictures/GitHub/BibleAppPOCV2
    write-file /Users/jeffhedrick/Library/Developer/Xcode/DerivedData/BibleAppPOCV2-adkitdvigthbrbbfojrmuqlfmctd/Build/Intermediates.noindex/BibleAppPOCV2.build/Debug-iphonesimulator/BibleAppPOCV2.build/Objects-normal/arm64/BibleAppPOCV2-OutputFileMap.json

WriteAuxiliaryFile /Users/jeffhedrick/Library/Developer/Xcode/DerivedData/BibleAppPOCV2-adkitdvigthbrbbfojrmuqlfmctd/Build/Intermediates.noindex/BibleAppPOCV2.build/Debug-iphonesimulator/BibleAppPOCV2.build/Objects-normal/arm64/BibleAppPOCV2.SwiftConstValuesFileList (in target 'BibleAppPOCV2' from project 'BibleAppPOCV2')
    cd /Users/jeffhedrick/Pictures/GitHub/BibleAppPOCV2
    write-file /Users/jeffhedrick/Library/Developer/Xcode/DerivedData/BibleAppPOCV2-adkitdvigthbrbbfojrmuqlfmctd/Build/Intermediates.noindex/BibleAppPOCV2.build/Debug-iphonesimulator/BibleAppPOCV2.build/Objects-normal/arm64/BibleAppPOCV2.SwiftConstValuesFileList

WriteAuxiliaryFile /Users/jeffhedrick/Library/Developer/Xcode/DerivedData/BibleAppPOCV2-adkitdvigthbrbbfojrmuqlfmctd/Build/Intermediates.noindex/BibleAppPOCV2.build/Debug-iphonesimulator/BibleAppPOCV2.build/Objects-normal/arm64/BibleAppPOCV2_const_extract_protocols.json (in target 'BibleAppPOCV2' from project 'BibleAppPOCV2')
    cd /Users/jeffhedrick/Pictures/GitHub/BibleAppPOCV2
    write-file /Users/jeffhedrick/Library/Developer/Xcode/DerivedData/BibleAppPOCV2-adkitdvigthbrbbfojrmuqlfmctd/Build/Intermediates.noindex/BibleAppPOCV2.build/Debug-iphonesimulator/BibleAppPOCV2.build/Objects-normal/arm64/BibleAppPOCV2_const_extract_protocols.json

WriteAuxiliaryFile /Users/jeffhedrick/Library/Developer/Xcode/DerivedData/BibleAppPOCV2-adkitdvigthbrbbfojrmuqlfmctd/Build/Intermediates.noindex/BibleAppPOCV2.build/Debug-iphonesimulator/BibleAppPOCV2.build/BibleAppPOCV2-own-target-headers.hmap (in target 'BibleAppPOCV2' from project 'BibleAppPOCV2')
    cd /Users/jeffhedrick/Pictures/GitHub/BibleAppPOCV2
    write-file /Users/jeffhedrick/Library/Developer/Xcode/DerivedData/BibleAppPOCV2-adkitdvigthbrbbfojrmuqlfmctd/Build/Intermediates.noindex/BibleAppPOCV2.build/Debug-iphonesimulator/BibleAppPOCV2.build/BibleAppPOCV2-own-target-headers.hmap

WriteAuxiliaryFile /Users/jeffhedrick/Library/Developer/Xcode/DerivedData/BibleAppPOCV2-adkitdvigthbrbbfojrmuqlfmctd/Build/Intermediates.noindex/BibleAppPOCV2.build/Debug-iphonesimulator/BibleAppPOCV2.build/BibleAppPOCV2-generated-files.hmap (in target 'BibleAppPOCV2' from project 'BibleAppPOCV2')
    cd /Users/jeffhedrick/Pictures/GitHub/BibleAppPOCV2
    write-file /Users/jeffhedrick/Library/Developer/Xcode/DerivedData/BibleAppPOCV2-adkitdvigthbrbbfojrmuqlfmctd/Build/Intermediates.noindex/BibleAppPOCV2.build/Debug-iphonesimulator/BibleAppPOCV2.build/BibleAppPOCV2-generated-files.hmap

WriteAuxiliaryFile /Users/jeffhedrick/Library/Developer/Xcode/DerivedData/BibleAppPOCV2-adkitdvigthbrbbfojrmuqlfmctd/Build/Intermediates.noindex/BibleAppPOCV2.build/Debug-iphonesimulator/BibleAppPOCV2.build/BibleAppPOCV2-all-target-headers.hmap (in target 'BibleAppPOCV2' from project 'BibleAppPOCV2')
    cd /Users/jeffhedrick/Pictures/GitHub/BibleAppPOCV2
    write-file /Users/jeffhedrick/Library/Developer/Xcode/DerivedData/BibleAppPOCV2-adkitdvigthbrbbfojrmuqlfmctd/Build/Intermediates.noindex/BibleAppPOCV2.build/Debug-iphonesimulator/BibleAppPOCV2.build/BibleAppPOCV2-all-target-headers.hmap

WriteAuxiliaryFile /Users/jeffhedrick/Library/Developer/Xcode/DerivedData/BibleAppPOCV2-adkitdvigthbrbbfojrmuqlfmctd/Build/Intermediates.noindex/BibleAppPOCV2.build/Debug-iphonesimulator/BibleAppPOCV2.build/BibleAppPOCV2-all-non-framework-target-headers.hmap (in target 'BibleAppPOCV2' from project 'BibleAppPOCV2')
    cd /Users/jeffhedrick/Pictures/GitHub/BibleAppPOCV2
    write-file /Users/jeffhedrick/Library/Developer/Xcode/DerivedData/BibleAppPOCV2-adkitdvigthbrbbfojrmuqlfmctd/Build/Intermediates.noindex/BibleAppPOCV2.build/Debug-iphonesimulator/BibleAppPOCV2.build/BibleAppPOCV2-all-non-framework-target-headers.hmap

WriteAuxiliaryFile /Users/jeffhedrick/Library/Developer/Xcode/DerivedData/BibleAppPOCV2-adkitdvigthbrbbfojrmuqlfmctd/Build/Intermediates.noindex/BibleAppPOCV2.build/Debug-iphonesimulator/BibleAppPOCV2.build/BibleAppPOCV2-DebugDylibPath-normal-arm64.txt (in target 'BibleAppPOCV2' from project 'BibleAppPOCV2')
    cd /Users/jeffhedrick/Pictures/GitHub/BibleAppPOCV2
    write-file /Users/jeffhedrick/Library/Developer/Xcode/DerivedData/BibleAppPOCV2-adkitdvigthbrbbfojrmuqlfmctd/Build/Intermediates.noindex/BibleAppPOCV2.build/Debug-iphonesimulator/BibleAppPOCV2.build/BibleAppPOCV2-DebugDylibPath-normal-arm64.txt

WriteAuxiliaryFile /Users/jeffhedrick/Library/Developer/Xcode/DerivedData/BibleAppPOCV2-adkitdvigthbrbbfojrmuqlfmctd/Build/Intermediates.noindex/BibleAppPOCV2.build/Debug-iphonesimulator/BibleAppPOCV2.build/BibleAppPOCV2-DebugDylibInstallName-normal-arm64.txt (in target 'BibleAppPOCV2' from project 'BibleAppPOCV2')
    cd /Users/jeffhedrick/Pictures/GitHub/BibleAppPOCV2
    write-file /Users/jeffhedrick/Library/Developer/Xcode/DerivedData/BibleAppPOCV2-adkitdvigthbrbbfojrmuqlfmctd/Build/Intermediates.noindex/BibleAppPOCV2.build/Debug-iphonesimulator/BibleAppPOCV2.build/BibleAppPOCV2-DebugDylibInstallName-normal-arm64.txt

WriteAuxiliaryFile /Users/jeffhedrick/Library/Developer/Xcode/DerivedData/BibleAppPOCV2-adkitdvigthbrbbfojrmuqlfmctd/Build/Intermediates.noindex/BibleAppPOCV2.build/Debug-iphonesimulator/BibleAppPOCV2.build/8758ca0c47591ccce892b7ef77f3dab0.sb (in target 'BibleAppPOCV2' from project 'BibleAppPOCV2')
    cd /Users/jeffhedrick/Pictures/GitHub/BibleAppPOCV2
    write-file /Users/jeffhedrick/Library/Developer/Xcode/DerivedData/BibleAppPOCV2-adkitdvigthbrbbfojrmuqlfmctd/Build/Intermediates.noindex/BibleAppPOCV2.build/Debug-iphonesimulator/BibleAppPOCV2.build/8758ca0c47591ccce892b7ef77f3dab0.sb

WriteAuxiliaryFile /Users/jeffhedrick/Library/Developer/Xcode/DerivedData/BibleAppPOCV2-adkitdvigthbrbbfojrmuqlfmctd/Build/Intermediates.noindex/BibleAppPOCV2.build/Debug-iphonesimulator/BibleAppPOCV2.build/7a38d61206c5e3c11223c6fa258784ad.sb (in target 'BibleAppPOCV2' from project 'BibleAppPOCV2')
    cd /Users/jeffhedrick/Pictures/GitHub/BibleAppPOCV2
    write-file /Users/jeffhedrick/Library/Developer/Xcode/DerivedData/BibleAppPOCV2-adkitdvigthbrbbfojrmuqlfmctd/Build/Intermediates.noindex/BibleAppPOCV2.build/Debug-iphonesimulator/BibleAppPOCV2.build/7a38d61206c5e3c11223c6fa258784ad.sb

MkDir /Users/jeffhedrick/Library/Developer/Xcode/DerivedData/BibleAppPOCV2-adkitdvigthbrbbfojrmuqlfmctd/Build/Products/Debug-iphonesimulator/BibleAppPOCV2.app (in target 'BibleAppPOCV2' from project 'BibleAppPOCV2')
    cd /Users/jeffhedrick/Pictures/GitHub/BibleAppPOCV2
    /bin/mkdir -p /Users/jeffhedrick/Library/Developer/Xcode/DerivedData/BibleAppPOCV2-adkitdvigthbrbbfojrmuqlfmctd/Build/Products/Debug-iphonesimulator/BibleAppPOCV2.app

ProcessProductPackaging "" /Users/jeffhedrick/Library/Developer/Xcode/DerivedData/BibleAppPOCV2-adkitdvigthbrbbfojrmuqlfmctd/Build/Intermediates.noindex/BibleAppPOCV2.build/Debug-iphonesimulator/BibleAppPOCV2.build/BibleAppPOCV2.app-Simulated.xcent (in target 'BibleAppPOCV2' from project 'BibleAppPOCV2')
    cd /Users/jeffhedrick/Pictures/GitHub/BibleAppPOCV2
    
    Entitlements:
    
    {
    "application-identifier" = "B2X33W63Y2.com.Hedrick.BibleAppPOCV2";
}
    
    builtin-productPackagingUtility -entitlements -format xml -o /Users/jeffhedrick/Library/Developer/Xcode/DerivedData/BibleAppPOCV2-adkitdvigthbrbbfojrmuqlfmctd/Build/Intermediates.noindex/BibleAppPOCV2.build/Debug-iphonesimulator/BibleAppPOCV2.build/BibleAppPOCV2.app-Simulated.xcent

ProcessProductPackagingDER /Users/jeffhedrick/Library/Developer/Xcode/DerivedData/BibleAppPOCV2-adkitdvigthbrbbfojrmuqlfmctd/Build/Intermediates.noindex/BibleAppPOCV2.build/Debug-iphonesimulator/BibleAppPOCV2.build/BibleAppPOCV2.app-Simulated.xcent /Users/jeffhedrick/Library/Developer/Xcode/DerivedData/BibleAppPOCV2-adkitdvigthbrbbfojrmuqlfmctd/Build/Intermediates.noindex/BibleAppPOCV2.build/Debug-iphonesimulator/BibleAppPOCV2.build/BibleAppPOCV2.app-Simulated.xcent.der (in target 'BibleAppPOCV2' from project 'BibleAppPOCV2')
    cd /Users/jeffhedrick/Pictures/GitHub/BibleAppPOCV2
    /usr/bin/derq query -f xml -i /Users/jeffhedrick/Library/Developer/Xcode/DerivedData/BibleAppPOCV2-adkitdvigthbrbbfojrmuqlfmctd/Build/Intermediates.noindex/BibleAppPOCV2.build/Debug-iphonesimulator/BibleAppPOCV2.build/BibleAppPOCV2.app-Simulated.xcent -o /Users/jeffhedrick/Library/Developer/Xcode/DerivedData/BibleAppPOCV2-adkitdvigthbrbbfojrmuqlfmctd/Build/Intermediates.noindex/BibleAppPOCV2.build/Debug-iphonesimulator/BibleAppPOCV2.build/BibleAppPOCV2.app-Simulated.xcent.der --raw

CpResource /Users/jeffhedrick/Library/Developer/Xcode/DerivedData/BibleAppPOCV2-adkitdvigthbrbbfojrmuqlfmctd/Build/Products/Debug-iphonesimulator/BibleAppPOCV2.app/tokenizer_config.json /Users/jeffhedrick/Pictures/GitHub/BibleAppPOCV2/BibleAppPOCV2/Resources/ML/tokenizer_config.json (in target 'BibleAppPOCV2' from project 'BibleAppPOCV2')
    cd /Users/jeffhedrick/Pictures/GitHub/BibleAppPOCV2
    builtin-copy -exclude .DS_Store -exclude CVS -exclude .svn -exclude .git -exclude .hg -resolve-src-symlinks /Users/jeffhedrick/Pictures/GitHub/BibleAppPOCV2/BibleAppPOCV2/Resources/ML/tokenizer_config.json /Users/jeffhedrick/Library/Developer/Xcode/DerivedData/BibleAppPOCV2-adkitdvigthbrbbfojrmuqlfmctd/Build/Products/Debug-iphonesimulator/BibleAppPOCV2.app

GenerateAssetSymbols /Users/jeffhedrick/Pictures/GitHub/BibleAppPOCV2/BibleAppPOCV2/Assets.xcassets (in target 'BibleAppPOCV2' from project 'BibleAppPOCV2')
    cd /Users/jeffhedrick/Pictures/GitHub/BibleAppPOCV2
    /Applications/Xcode.app/Contents/Developer/usr/bin/actool /Users/jeffhedrick/Pictures/GitHub/BibleAppPOCV2/BibleAppPOCV2/Assets.xcassets --compile /Users/jeffhedrick/Library/Developer/Xcode/DerivedData/BibleAppPOCV2-adkitdvigthbrbbfojrmuqlfmctd/Build/Products/Debug-iphonesimulator/BibleAppPOCV2.app --output-format human-readable-text --notices --warnings --export-dependency-info /Users/jeffhedrick/Library/Developer/Xcode/DerivedData/BibleAppPOCV2-adkitdvigthbrbbfojrmuqlfmctd/Build/Intermediates.noindex/BibleAppPOCV2.build/Debug-iphonesimulator/BibleAppPOCV2.build/assetcatalog_dependencies --output-partial-info-plist /Users/jeffhedrick/Library/Developer/Xcode/DerivedData/BibleAppPOCV2-adkitdvigthbrbbfojrmuqlfmctd/Build/Intermediates.noindex/BibleAppPOCV2.build/Debug-iphonesimulator/BibleAppPOCV2.build/assetcatalog_generated_info.plist --app-icon AppIcon --accent-color AccentColor --compress-pngs --enable-on-demand-resources YES --development-region en --target-device iphone --target-device ipad --minimum-deployment-target 18.5 --platform iphonesimulator --bundle-identifier com.Hedrick.BibleAppPOCV2 --generate-swift-asset-symbols /Users/jeffhedrick/Library/Developer/Xcode/DerivedData/BibleAppPOCV2-adkitdvigthbrbbfojrmuqlfmctd/Build/Intermediates.noindex/BibleAppPOCV2.build/Debug-iphonesimulator/BibleAppPOCV2.build/DerivedSources/GeneratedAssetSymbols.swift --generate-objc-asset-symbols /Users/jeffhedrick/Library/Developer/Xcode/DerivedData/BibleAppPOCV2-adkitdvigthbrbbfojrmuqlfmctd/Build/Intermediates.noindex/BibleAppPOCV2.build/Debug-iphonesimulator/BibleAppPOCV2.build/DerivedSources/GeneratedAssetSymbols.h --generate-asset-symbol-index /Users/jeffhedrick/Library/Developer/Xcode/DerivedData/BibleAppPOCV2-adkitdvigthbrbbfojrmuqlfmctd/Build/Intermediates.noindex/BibleAppPOCV2.build/Debug-iphonesimulator/BibleAppPOCV2.build/DerivedSources/GeneratedAssetSymbols-Index.plist
/* com.apple.actool.compilation-results */
/Users/jeffhedrick/Library/Developer/Xcode/DerivedData/BibleAppPOCV2-adkitdvigthbrbbfojrmuqlfmctd/Build/Intermediates.noindex/BibleAppPOCV2.build/Debug-iphonesimulator/BibleAppPOCV2.build/DerivedSources/GeneratedAssetSymbols-Index.plist
/Users/jeffhedrick/Library/Developer/Xcode/DerivedData/BibleAppPOCV2-adkitdvigthbrbbfojrmuqlfmctd/Build/Intermediates.noindex/BibleAppPOCV2.build/Debug-iphonesimulator/BibleAppPOCV2.build/DerivedSources/GeneratedAssetSymbols.h
/Users/jeffhedrick/Library/Developer/Xcode/DerivedData/BibleAppPOCV2-adkitdvigthbrbbfojrmuqlfmctd/Build/Intermediates.noindex/BibleAppPOCV2.build/Debug-iphonesimulator/BibleAppPOCV2.build/DerivedSources/GeneratedAssetSymbols.swift


CpResource /Users/jeffhedrick/Library/Developer/Xcode/DerivedData/BibleAppPOCV2-adkitdvigthbrbbfojrmuqlfmctd/Build/Products/Debug-iphonesimulator/BibleAppPOCV2.app/tokenizer.json /Users/jeffhedrick/Pictures/GitHub/BibleAppPOCV2/BibleAppPOCV2/Resources/ML/tokenizer.json (in target 'BibleAppPOCV2' from project 'BibleAppPOCV2')
    cd /Users/jeffhedrick/Pictures/GitHub/BibleAppPOCV2
    builtin-copy -exclude .DS_Store -exclude CVS -exclude .svn -exclude .git -exclude .hg -resolve-src-symlinks /Users/jeffhedrick/Pictures/GitHub/BibleAppPOCV2/BibleAppPOCV2/Resources/ML/tokenizer.json /Users/jeffhedrick/Library/Developer/Xcode/DerivedData/BibleAppPOCV2-adkitdvigthbrbbfojrmuqlfmctd/Build/Products/Debug-iphonesimulator/BibleAppPOCV2.app

CpResource /Users/jeffhedrick/Library/Developer/Xcode/DerivedData/BibleAppPOCV2-adkitdvigthbrbbfojrmuqlfmctd/Build/Products/Debug-iphonesimulator/BibleAppPOCV2.app/t5_tokenizer_vocab.json /Users/jeffhedrick/Pictures/GitHub/BibleAppPOCV2/BibleAppPOCV2/Resources/ML/t5_tokenizer_vocab.json (in target 'BibleAppPOCV2' from project 'BibleAppPOCV2')
    cd /Users/jeffhedrick/Pictures/GitHub/BibleAppPOCV2
    builtin-copy -exclude .DS_Store -exclude CVS -exclude .svn -exclude .git -exclude .hg -resolve-src-symlinks /Users/jeffhedrick/Pictures/GitHub/BibleAppPOCV2/BibleAppPOCV2/Resources/ML/t5_tokenizer_vocab.json /Users/jeffhedrick/Library/Developer/Xcode/DerivedData/BibleAppPOCV2-adkitdvigthbrbbfojrmuqlfmctd/Build/Products/Debug-iphonesimulator/BibleAppPOCV2.app

MkDir /Users/jeffhedrick/Library/Developer/Xcode/DerivedData/BibleAppPOCV2-adkitdvigthbrbbfojrmuqlfmctd/Build/Intermediates.noindex/BibleAppPOCV2.build/Debug-iphonesimulator/BibleAppPOCV2.build/assetcatalog_output/thinned (in target 'BibleAppPOCV2' from project 'BibleAppPOCV2')
    cd /Users/jeffhedrick/Pictures/GitHub/BibleAppPOCV2
    /bin/mkdir -p /Users/jeffhedrick/Library/Developer/Xcode/DerivedData/BibleAppPOCV2-adkitdvigthbrbbfojrmuqlfmctd/Build/Intermediates.noindex/BibleAppPOCV2.build/Debug-iphonesimulator/BibleAppPOCV2.build/assetcatalog_output/thinned

CpResource /Users/jeffhedrick/Library/Developer/Xcode/DerivedData/BibleAppPOCV2-adkitdvigthbrbbfojrmuqlfmctd/Build/Products/Debug-iphonesimulator/BibleAppPOCV2.app/spiece.model /Users/jeffhedrick/Pictures/GitHub/BibleAppPOCV2/BibleAppPOCV2/Resources/ML/spiece.model (in target 'BibleAppPOCV2' from project 'BibleAppPOCV2')
    cd /Users/jeffhedrick/Pictures/GitHub/BibleAppPOCV2
    builtin-copy -exclude .DS_Store -exclude CVS -exclude .svn -exclude .git -exclude .hg -resolve-src-symlinks /Users/jeffhedrick/Pictures/GitHub/BibleAppPOCV2/BibleAppPOCV2/Resources/ML/spiece.model /Users/jeffhedrick/Library/Developer/Xcode/DerivedData/BibleAppPOCV2-adkitdvigthbrbbfojrmuqlfmctd/Build/Products/Debug-iphonesimulator/BibleAppPOCV2.app

MkDir /Users/jeffhedrick/Library/Developer/Xcode/DerivedData/BibleAppPOCV2-adkitdvigthbrbbfojrmuqlfmctd/Build/Intermediates.noindex/BibleAppPOCV2.build/Debug-iphonesimulator/BibleAppPOCV2.build/assetcatalog_output/unthinned (in target 'BibleAppPOCV2' from project 'BibleAppPOCV2')
    cd /Users/jeffhedrick/Pictures/GitHub/BibleAppPOCV2
    /bin/mkdir -p /Users/jeffhedrick/Library/Developer/Xcode/DerivedData/BibleAppPOCV2-adkitdvigthbrbbfojrmuqlfmctd/Build/Intermediates.noindex/BibleAppPOCV2.build/Debug-iphonesimulator/BibleAppPOCV2.build/assetcatalog_output/unthinned

CpResource /Users/jeffhedrick/Library/Developer/Xcode/DerivedData/BibleAppPOCV2-adkitdvigthbrbbfojrmuqlfmctd/Build/Products/Debug-iphonesimulator/BibleAppPOCV2.app/special_tokens_map.json /Users/jeffhedrick/Pictures/GitHub/BibleAppPOCV2/BibleAppPOCV2/Resources/ML/special_tokens_map.json (in target 'BibleAppPOCV2' from project 'BibleAppPOCV2')
    cd /Users/jeffhedrick/Pictures/GitHub/BibleAppPOCV2
    builtin-copy -exclude .DS_Store -exclude CVS -exclude .svn -exclude .git -exclude .hg -resolve-src-symlinks /Users/jeffhedrick/Pictures/GitHub/BibleAppPOCV2/BibleAppPOCV2/Resources/ML/special_tokens_map.json /Users/jeffhedrick/Library/Developer/Xcode/DerivedData/BibleAppPOCV2-adkitdvigthbrbbfojrmuqlfmctd/Build/Products/Debug-iphonesimulator/BibleAppPOCV2.app

CpResource /Users/jeffhedrick/Library/Developer/Xcode/DerivedData/BibleAppPOCV2-adkitdvigthbrbbfojrmuqlfmctd/Build/Products/Debug-iphonesimulator/BibleAppPOCV2.app/model.npz /Users/jeffhedrick/Pictures/GitHub/BibleAppPOCV2/BibleAppPOCV2/Resources/ML/model.npz (in target 'BibleAppPOCV2' from project 'BibleAppPOCV2')
    cd /Users/jeffhedrick/Pictures/GitHub/BibleAppPOCV2
    builtin-copy -exclude .DS_Store -exclude CVS -exclude .svn -exclude .git -exclude .hg -resolve-src-symlinks /Users/jeffhedrick/Pictures/GitHub/BibleAppPOCV2/BibleAppPOCV2/Resources/ML/model.npz /Users/jeffhedrick/Library/Developer/Xcode/DerivedData/BibleAppPOCV2-adkitdvigthbrbbfojrmuqlfmctd/Build/Products/Debug-iphonesimulator/BibleAppPOCV2.app

Ld /Users/jeffhedrick/Library/Developer/Xcode/DerivedData/BibleAppPOCV2-adkitdvigthbrbbfojrmuqlfmctd/Build/Products/Debug-iphonesimulator/BibleAppPOCV2.app/__preview.dylib normal (in target 'BibleAppPOCV2' from project 'BibleAppPOCV2')
    cd /Users/jeffhedrick/Pictures/GitHub/BibleAppPOCV2
    /Applications/Xcode.app/Contents/Developer/Toolchains/XcodeDefault.xctoolchain/usr/bin/clang -Xlinker -reproducible -target arm64-apple-ios18.5-simulator -dynamiclib -isysroot /Applications/Xcode.app/Contents/Developer/Platforms/iPhoneSimulator.platform/Developer/SDKs/iPhoneSimulator18.5.sdk -O0 -L/Users/jeffhedrick/Library/Developer/Xcode/DerivedData/BibleAppPOCV2-adkitdvigthbrbbfojrmuqlfmctd/Build/Products/Debug-iphonesimulator -F/Users/jeffhedrick/Library/Developer/Xcode/DerivedData/BibleAppPOCV2-adkitdvigthbrbbfojrmuqlfmctd/Build/Products/Debug-iphonesimulator -install_name @rpath/BibleAppPOCV2.debug.dylib -dead_strip -rdynamic -Xlinker -no_deduplicate -Xlinker -objc_abi_version -Xlinker 2 -Xlinker -debug_variant -Xlinker -dependency_info -Xlinker /Users/jeffhedrick/Library/Developer/Xcode/DerivedData/BibleAppPOCV2-adkitdvigthbrbbfojrmuqlfmctd/Build/Intermediates.noindex/BibleAppPOCV2.build/Debug-iphonesimulator/BibleAppPOCV2.build/Objects-normal/arm64/BibleAppPOCV2_dependency_info.dat -Xlinker -sectcreate -Xlinker __TEXT -Xlinker __entitlements -Xlinker /Users/jeffhedrick/Library/Developer/Xcode/DerivedData/BibleAppPOCV2-adkitdvigthbrbbfojrmuqlfmctd/Build/Intermediates.noindex/BibleAppPOCV2.build/Debug-iphonesimulator/BibleAppPOCV2.build/BibleAppPOCV2.app-Simulated.xcent -Xlinker -sectcreate -Xlinker __TEXT -Xlinker __ents_der -Xlinker /Users/jeffhedrick/Library/Developer/Xcode/DerivedData/BibleAppPOCV2-adkitdvigthbrbbfojrmuqlfmctd/Build/Intermediates.noindex/BibleAppPOCV2.build/Debug-iphonesimulator/BibleAppPOCV2.build/BibleAppPOCV2.app-Simulated.xcent.der -Xlinker -no_adhoc_codesign -o /Users/jeffhedrick/Library/Developer/Xcode/DerivedData/BibleAppPOCV2-adkitdvigthbrbbfojrmuqlfmctd/Build/Products/Debug-iphonesimulator/BibleAppPOCV2.app/__preview.dylib

CpResource /Users/jeffhedrick/Library/Developer/Xcode/DerivedData/BibleAppPOCV2-adkitdvigthbrbbfojrmuqlfmctd/Build/Products/Debug-iphonesimulator/BibleAppPOCV2.app/config.json /Users/jeffhedrick/Pictures/GitHub/BibleAppPOCV2/BibleAppPOCV2/Resources/ML/config.json (in target 'BibleAppPOCV2' from project 'BibleAppPOCV2')
    cd /Users/jeffhedrick/Pictures/GitHub/BibleAppPOCV2
    builtin-copy -exclude .DS_Store -exclude CVS -exclude .svn -exclude .git -exclude .hg -resolve-src-symlinks /Users/jeffhedrick/Pictures/GitHub/BibleAppPOCV2/BibleAppPOCV2/Resources/ML/config.json /Users/jeffhedrick/Library/Developer/Xcode/DerivedData/BibleAppPOCV2-adkitdvigthbrbbfojrmuqlfmctd/Build/Products/Debug-iphonesimulator/BibleAppPOCV2.app

CpResource /Users/jeffhedrick/Library/Developer/Xcode/DerivedData/BibleAppPOCV2-adkitdvigthbrbbfojrmuqlfmctd/Build/Products/Debug-iphonesimulator/BibleAppPOCV2.app/added_tokens.json /Users/jeffhedrick/Pictures/GitHub/BibleAppPOCV2/BibleAppPOCV2/Resources/ML/added_tokens.json (in target 'BibleAppPOCV2' from project 'BibleAppPOCV2')
    cd /Users/jeffhedrick/Pictures/GitHub/BibleAppPOCV2
    builtin-copy -exclude .DS_Store -exclude CVS -exclude .svn -exclude .git -exclude .hg -resolve-src-symlinks /Users/jeffhedrick/Pictures/GitHub/BibleAppPOCV2/BibleAppPOCV2/Resources/ML/added_tokens.json /Users/jeffhedrick/Library/Developer/Xcode/DerivedData/BibleAppPOCV2-adkitdvigthbrbbfojrmuqlfmctd/Build/Products/Debug-iphonesimulator/BibleAppPOCV2.app

CpResource /Users/jeffhedrick/Library/Developer/Xcode/DerivedData/BibleAppPOCV2-adkitdvigthbrbbfojrmuqlfmctd/Build/Products/Debug-iphonesimulator/BibleAppPOCV2.app/OptimizedBookGridView.swift.backup /Users/jeffhedrick/Pictures/GitHub/BibleAppPOCV2/BibleAppPOCV2/Views/OptimizedBookGridView.swift.backup (in target 'BibleAppPOCV2' from project 'BibleAppPOCV2')
    cd /Users/jeffhedrick/Pictures/GitHub/BibleAppPOCV2
    builtin-copy -exclude .DS_Store -exclude CVS -exclude .svn -exclude .git -exclude .hg -resolve-src-symlinks /Users/jeffhedrick/Pictures/GitHub/BibleAppPOCV2/BibleAppPOCV2/Views/OptimizedBookGridView.swift.backup /Users/jeffhedrick/Library/Developer/Xcode/DerivedData/BibleAppPOCV2-adkitdvigthbrbbfojrmuqlfmctd/Build/Products/Debug-iphonesimulator/BibleAppPOCV2.app

CpResource /Users/jeffhedrick/Library/Developer/Xcode/DerivedData/BibleAppPOCV2-adkitdvigthbrbbfojrmuqlfmctd/Build/Products/Debug-iphonesimulator/BibleAppPOCV2.app/KJV.json /Users/jeffhedrick/Pictures/GitHub/BibleAppPOCV2/BibleAppPOCV2/Resources/KJV.json (in target 'BibleAppPOCV2' from project 'BibleAppPOCV2')
    cd /Users/jeffhedrick/Pictures/GitHub/BibleAppPOCV2
    builtin-copy -exclude .DS_Store -exclude CVS -exclude .svn -exclude .git -exclude .hg -resolve-src-symlinks /Users/jeffhedrick/Pictures/GitHub/BibleAppPOCV2/BibleAppPOCV2/Resources/KJV.json /Users/jeffhedrick/Library/Developer/Xcode/DerivedData/BibleAppPOCV2-adkitdvigthbrbbfojrmuqlfmctd/Build/Products/Debug-iphonesimulator/BibleAppPOCV2.app

CpResource /Users/jeffhedrick/Library/Developer/Xcode/DerivedData/BibleAppPOCV2-adkitdvigthbrbbfojrmuqlfmctd/Build/Products/Debug-iphonesimulator/BibleAppPOCV2.app/OnDemandPageGenerator.swift.backup /Users/jeffhedrick/Pictures/GitHub/BibleAppPOCV2/BibleAppPOCV2/Services/OnDemandPageGenerator.swift.backup (in target 'BibleAppPOCV2' from project 'BibleAppPOCV2')
    cd /Users/jeffhedrick/Pictures/GitHub/BibleAppPOCV2
    builtin-copy -exclude .DS_Store -exclude CVS -exclude .svn -exclude .git -exclude .hg -resolve-src-symlinks /Users/jeffhedrick/Pictures/GitHub/BibleAppPOCV2/BibleAppPOCV2/Services/OnDemandPageGenerator.swift.backup /Users/jeffhedrick/Library/Developer/Xcode/DerivedData/BibleAppPOCV2-adkitdvigthbrbbfojrmuqlfmctd/Build/Products/Debug-iphonesimulator/BibleAppPOCV2.app

CpResource /Users/jeffhedrick/Library/Developer/Xcode/DerivedData/BibleAppPOCV2-adkitdvigthbrbbfojrmuqlfmctd/Build/Products/Debug-iphonesimulator/BibleAppPOCV2.app/CodableTest.swift.disabled /Users/jeffhedrick/Pictures/GitHub/BibleAppPOCV2/BibleAppPOCV2/Test/CodableTest.swift.disabled (in target 'BibleAppPOCV2' from project 'BibleAppPOCV2')
    cd /Users/jeffhedrick/Pictures/GitHub/BibleAppPOCV2
    builtin-copy -exclude .DS_Store -exclude CVS -exclude .svn -exclude .git -exclude .hg -resolve-src-symlinks /Users/jeffhedrick/Pictures/GitHub/BibleAppPOCV2/BibleAppPOCV2/Test/CodableTest.swift.disabled /Users/jeffhedrick/Library/Developer/Xcode/DerivedData/BibleAppPOCV2-adkitdvigthbrbbfojrmuqlfmctd/Build/Products/Debug-iphonesimulator/BibleAppPOCV2.app

CoreMLModelCompile /Users/jeffhedrick/Library/Developer/Xcode/DerivedData/BibleAppPOCV2-adkitdvigthbrbbfojrmuqlfmctd/Build/Products/Debug-iphonesimulator/BibleAppPOCV2.app/ /Users/jeffhedrick/Pictures/GitHub/BibleAppPOCV2/BibleAppPOCV2/Resources/ML/flan_t5_encoder.mlpackage (in target 'BibleAppPOCV2' from project 'BibleAppPOCV2')
    cd /Users/jeffhedrick/Pictures/GitHub/BibleAppPOCV2
    /usr/bin/sandbox-exec -D SCRIPT_OUTPUT_FILE_0\=/Users/jeffhedrick/Library/Developer/Xcode/DerivedData/BibleAppPOCV2-adkitdvigthbrbbfojrmuqlfmctd/Build/Products/Debug-iphonesimulator/BibleAppPOCV2.app/flan_t5_encoder.mlmodelc -D SCRIPT_OUTPUT_FILE_1\=/Users/jeffhedrick/Library/Developer/Xcode/DerivedData/BibleAppPOCV2-adkitdvigthbrbbfojrmuqlfmctd/Build/Intermediates.noindex/BibleAppPOCV2.build/Debug-iphonesimulator/BibleAppPOCV2.build/flan_t5_encoder-CoreMLPartialInfo.plist -D SCRIPT_INPUT_FILE_0\=/Users/jeffhedrick/Pictures/GitHub/BibleAppPOCV2/BibleAppPOCV2/Resources/ML/flan_t5_encoder.mlpackage -D SCRIPT_INPUT_FILE_1\=/Users/jeffhedrick/Pictures/GitHub/BibleAppPOCV2/BibleAppPOCV2/Resources/ML/flan_t5_encoder.mlpackage -D SCRIPT_INPUT_ANCESTOR_0\=/ -D SCRIPT_INPUT_ANCESTOR_1\=/Users -D SCRIPT_INPUT_ANCESTOR_2\=/Users/jeffhedrick -D SCRIPT_INPUT_ANCESTOR_3\=/Users/jeffhedrick/Pictures -D SCRIPT_INPUT_ANCESTOR_4\=/Users/jeffhedrick/Pictures/GitHub -D SCRIPT_INPUT_ANCESTOR_5\=/Users/jeffhedrick/Pictures/GitHub/BibleAppPOCV2 -D SCRIPT_INPUT_ANCESTOR_6\=/Users/jeffhedrick/Pictures/GitHub/BibleAppPOCV2/BibleAppPOCV2 -D SCRIPT_INPUT_ANCESTOR_7\=/Users/jeffhedrick/Pictures/GitHub/BibleAppPOCV2/BibleAppPOCV2/Resources -D SCRIPT_INPUT_ANCESTOR_8\=/Users/jeffhedrick/Pictures/GitHub/BibleAppPOCV2/BibleAppPOCV2/Resources/ML -D SCRIPT_OUTPUT_ANCESTOR_0\=/ -D SCRIPT_OUTPUT_ANCESTOR_1\=/Users -D SCRIPT_OUTPUT_ANCESTOR_2\=/Users/jeffhedrick -D SCRIPT_OUTPUT_ANCESTOR_3\=/Users/jeffhedrick/Library -D SCRIPT_OUTPUT_ANCESTOR_4\=/Users/jeffhedrick/Library/Developer -D SCRIPT_OUTPUT_ANCESTOR_5\=/Users/jeffhedrick/Library/Developer/Xcode -D SCRIPT_OUTPUT_ANCESTOR_6\=/Users/jeffhedrick/Library/Developer/Xcode/DerivedData -D SCRIPT_OUTPUT_ANCESTOR_7\=/Users/jeffhedrick/Library/Developer/Xcode/DerivedData/BibleAppPOCV2-adkitdvigthbrbbfojrmuqlfmctd -D SCRIPT_OUTPUT_ANCESTOR_8\=/Users/jeffhedrick/Library/Developer/Xcode/DerivedData/BibleAppPOCV2-adkitdvigthbrbbfojrmuqlfmctd/Build -D SCRIPT_OUTPUT_ANCESTOR_9\=/Users/jeffhedrick/Library/Developer/Xcode/DerivedData/BibleAppPOCV2-adkitdvigthbrbbfojrmuqlfmctd/Build/Intermediates.noindex -D SCRIPT_OUTPUT_ANCESTOR_10\=/Users/jeffhedrick/Library/Developer/Xcode/DerivedData/BibleAppPOCV2-adkitdvigthbrbbfojrmuqlfmctd/Build/Intermediates.noindex/BibleAppPOCV2.build -D SCRIPT_OUTPUT_ANCESTOR_11\=/Users/jeffhedrick/Library/Developer/Xcode/DerivedData/BibleAppPOCV2-adkitdvigthbrbbfojrmuqlfmctd/Build/Intermediates.noindex/BibleAppPOCV2.build/Debug-iphonesimulator -D SCRIPT_OUTPUT_ANCESTOR_12\=/Users/jeffhedrick/Library/Developer/Xcode/DerivedData/BibleAppPOCV2-adkitdvigthbrbbfojrmuqlfmctd/Build/Intermediates.noindex/BibleAppPOCV2.build/Debug-iphonesimulator/BibleAppPOCV2.build -D SCRIPT_OUTPUT_ANCESTOR_13\=/Users/jeffhedrick/Library/Developer/Xcode/DerivedData/BibleAppPOCV2-adkitdvigthbrbbfojrmuqlfmctd/Build/Products -D SCRIPT_OUTPUT_ANCESTOR_14\=/Users/jeffhedrick/Library/Developer/Xcode/DerivedData/BibleAppPOCV2-adkitdvigthbrbbfojrmuqlfmctd/Build/Products/Debug-iphonesimulator -D SCRIPT_OUTPUT_ANCESTOR_15\=/Users/jeffhedrick/Library/Developer/Xcode/DerivedData/BibleAppPOCV2-adkitdvigthbrbbfojrmuqlfmctd/Build/Products/Debug-iphonesimulator/BibleAppPOCV2.app -D SRCROOT\=/Users/jeffhedrick/Pictures/GitHub/BibleAppPOCV2 -D PROJECT_DIR\=/Users/jeffhedrick/Pictures/GitHub/BibleAppPOCV2 -D OBJROOT\=/Users/jeffhedrick/Library/Developer/Xcode/DerivedData/BibleAppPOCV2-adkitdvigthbrbbfojrmuqlfmctd/Build/Intermediates.noindex -D SYMROOT\=/Users/jeffhedrick/Library/Developer/Xcode/DerivedData/BibleAppPOCV2-adkitdvigthbrbbfojrmuqlfmctd/Build/Products -D DSTROOT\=/tmp/BibleAppPOCV2.dst -D SHARED_PRECOMPS_DIR\=/Users/jeffhedrick/Library/Developer/Xcode/DerivedData/BibleAppPOCV2-adkitdvigthbrbbfojrmuqlfmctd/Build/Intermediates.noindex/PrecompiledHeaders -D CACHE_ROOT\=/var/folders/cp/gdq6qd4508jb842d_ch7r43m0000gn/C/com.apple.DeveloperTools/16.4-16F6/Xcode -D CONFIGURATION_BUILD_DIR\=/Users/jeffhedrick/Library/Developer/Xcode/DerivedData/BibleAppPOCV2-adkitdvigthbrbbfojrmuqlfmctd/Build/Products/Debug-iphonesimulator -D CONFIGURATION_TEMP_DIR\=/Users/jeffhedrick/Library/Developer/Xcode/DerivedData/BibleAppPOCV2-adkitdvigthbrbbfojrmuqlfmctd/Build/Intermediates.noindex/BibleAppPOCV2.build/Debug-iphonesimulator -D LOCROOT\=/Users/jeffhedrick/Pictures/GitHub/BibleAppPOCV2 -D LOCSYMROOT\=/Users/jeffhedrick/Pictures/GitHub/BibleAppPOCV2 -D INDEX_PRECOMPS_DIR\=/Users/jeffhedrick/Library/Developer/Xcode/DerivedData/BibleAppPOCV2-adkitdvigthbrbbfojrmuqlfmctd/Index.noindex/PrecompiledHeaders -D INDEX_DATA_STORE_DIR\=/Users/jeffhedrick/Library/Developer/Xcode/DerivedData/BibleAppPOCV2-adkitdvigthbrbbfojrmuqlfmctd/Index.noindex/DataStore -D TEMP_DIR\=/Users/jeffhedrick/Library/Developer/Xcode/DerivedData/BibleAppPOCV2-adkitdvigthbrbbfojrmuqlfmctd/Build/Intermediates.noindex/BibleAppPOCV2.build/Debug-iphonesimulator/BibleAppPOCV2.build -D TARGET_TEMP_DIR\=/Users/jeffhedrick/Library/Developer/Xcode/DerivedData/BibleAppPOCV2-adkitdvigthbrbbfojrmuqlfmctd/Build/Intermediates.noindex/BibleAppPOCV2.build/Debug-iphonesimulator/BibleAppPOCV2.build -D DERIVED_FILE_DIR\=/Users/jeffhedrick/Library/Developer/Xcode/DerivedData/BibleAppPOCV2-adkitdvigthbrbbfojrmuqlfmctd/Build/Intermediates.noindex/BibleAppPOCV2.build/Debug-iphonesimulator/BibleAppPOCV2.build/DerivedSources -f /Users/jeffhedrick/Library/Developer/Xcode/DerivedData/BibleAppPOCV2-adkitdvigthbrbbfojrmuqlfmctd/Build/Intermediates.noindex/BibleAppPOCV2.build/Debug-iphonesimulator/BibleAppPOCV2.build/7a38d61206c5e3c11223c6fa258784ad.sb /Applications/Xcode.app/Contents/Developer/Toolchains/XcodeDefault.xctoolchain/usr/bin/coremlc compile /Users/jeffhedrick/Pictures/GitHub/BibleAppPOCV2/BibleAppPOCV2/Resources/ML/flan_t5_encoder.mlpackage /Users/jeffhedrick/Library/Developer/Xcode/DerivedData/BibleAppPOCV2-adkitdvigthbrbbfojrmuqlfmctd/Build/Products/Debug-iphonesimulator/BibleAppPOCV2.app/ --deployment-target 18.5 --sdkroot /Applications/Xcode.app/Contents/Developer/Platforms/iPhoneSimulator.platform/Developer/SDKs/iPhoneSimulator18.5.sdk --platform ios --output-partial-info-plist /Users/jeffhedrick/Library/Developer/Xcode/DerivedData/BibleAppPOCV2-adkitdvigthbrbbfojrmuqlfmctd/Build/Intermediates.noindex/BibleAppPOCV2.build/Debug-iphonesimulator/BibleAppPOCV2.build/flan_t5_encoder-CoreMLPartialInfo.plist --container bundle-resources
/Users/jeffhedrick/Library/Developer/Xcode/DerivedData/BibleAppPOCV2-adkitdvigthbrbbfojrmuqlfmctd/Build/Products/Debug-iphonesimulator/BibleAppPOCV2.app/flan_t5_encoder.mlmodelc/coremldata.bin

CoreMLModelCodegen /Users/jeffhedrick/Pictures/GitHub/BibleAppPOCV2/BibleAppPOCV2/Resources/ML/flan_t5_encoder.mlpackage (in target 'BibleAppPOCV2' from project 'BibleAppPOCV2')
    cd /Users/jeffhedrick/Pictures/GitHub/BibleAppPOCV2
    /usr/bin/sandbox-exec -D SCRIPT_OUTPUT_FILE_0\=/Users/jeffhedrick/Library/Developer/Xcode/DerivedData/BibleAppPOCV2-adkitdvigthbrbbfojrmuqlfmctd/Build/Intermediates.noindex/BibleAppPOCV2.build/Debug-iphonesimulator/BibleAppPOCV2.build/DerivedSources/CoreMLGenerated/flan_t5_encoder/flan_t5_encoder.swift -D SCRIPT_INPUT_FILE_0\=/Users/jeffhedrick/Pictures/GitHub/BibleAppPOCV2/BibleAppPOCV2/Resources/ML/flan_t5_encoder.mlpackage -D SCRIPT_INPUT_ANCESTOR_0\=/ -D SCRIPT_INPUT_ANCESTOR_1\=/Users -D SCRIPT_INPUT_ANCESTOR_2\=/Users/jeffhedrick -D SCRIPT_INPUT_ANCESTOR_3\=/Users/jeffhedrick/Pictures -D SCRIPT_INPUT_ANCESTOR_4\=/Users/jeffhedrick/Pictures/GitHub -D SCRIPT_INPUT_ANCESTOR_5\=/Users/jeffhedrick/Pictures/GitHub/BibleAppPOCV2 -D SCRIPT_INPUT_ANCESTOR_6\=/Users/jeffhedrick/Pictures/GitHub/BibleAppPOCV2/BibleAppPOCV2 -D SCRIPT_INPUT_ANCESTOR_7\=/Users/jeffhedrick/Pictures/GitHub/BibleAppPOCV2/BibleAppPOCV2/Resources -D SCRIPT_INPUT_ANCESTOR_8\=/Users/jeffhedrick/Pictures/GitHub/BibleAppPOCV2/BibleAppPOCV2/Resources/ML -D SCRIPT_OUTPUT_ANCESTOR_0\=/ -D SCRIPT_OUTPUT_ANCESTOR_1\=/Users -D SCRIPT_OUTPUT_ANCESTOR_2\=/Users/jeffhedrick -D SCRIPT_OUTPUT_ANCESTOR_3\=/Users/jeffhedrick/Library -D SCRIPT_OUTPUT_ANCESTOR_4\=/Users/jeffhedrick/Library/Developer -D SCRIPT_OUTPUT_ANCESTOR_5\=/Users/jeffhedrick/Library/Developer/Xcode -D SCRIPT_OUTPUT_ANCESTOR_6\=/Users/jeffhedrick/Library/Developer/Xcode/DerivedData -D SCRIPT_OUTPUT_ANCESTOR_7\=/Users/jeffhedrick/Library/Developer/Xcode/DerivedData/BibleAppPOCV2-adkitdvigthbrbbfojrmuqlfmctd -D SCRIPT_OUTPUT_ANCESTOR_8\=/Users/jeffhedrick/Library/Developer/Xcode/DerivedData/BibleAppPOCV2-adkitdvigthbrbbfojrmuqlfmctd/Build -D SCRIPT_OUTPUT_ANCESTOR_9\=/Users/jeffhedrick/Library/Developer/Xcode/DerivedData/BibleAppPOCV2-adkitdvigthbrbbfojrmuqlfmctd/Build/Intermediates.noindex -D SCRIPT_OUTPUT_ANCESTOR_10\=/Users/jeffhedrick/Library/Developer/Xcode/DerivedData/BibleAppPOCV2-adkitdvigthbrbbfojrmuqlfmctd/Build/Intermediates.noindex/BibleAppPOCV2.build -D SCRIPT_OUTPUT_ANCESTOR_11\=/Users/jeffhedrick/Library/Developer/Xcode/DerivedData/BibleAppPOCV2-adkitdvigthbrbbfojrmuqlfmctd/Build/Intermediates.noindex/BibleAppPOCV2.build/Debug-iphonesimulator -D SCRIPT_OUTPUT_ANCESTOR_12\=/Users/jeffhedrick/Library/Developer/Xcode/DerivedData/BibleAppPOCV2-adkitdvigthbrbbfojrmuqlfmctd/Build/Intermediates.noindex/BibleAppPOCV2.build/Debug-iphonesimulator/BibleAppPOCV2.build -D SCRIPT_OUTPUT_ANCESTOR_13\=/Users/jeffhedrick/Library/Developer/Xcode/DerivedData/BibleAppPOCV2-adkitdvigthbrbbfojrmuqlfmctd/Build/Intermediates.noindex/BibleAppPOCV2.build/Debug-iphonesimulator/BibleAppPOCV2.build/DerivedSources -D SCRIPT_OUTPUT_ANCESTOR_14\=/Users/jeffhedrick/Library/Developer/Xcode/DerivedData/BibleAppPOCV2-adkitdvigthbrbbfojrmuqlfmctd/Build/Intermediates.noindex/BibleAppPOCV2.build/Debug-iphonesimulator/BibleAppPOCV2.build/DerivedSources/CoreMLGenerated -D SCRIPT_OUTPUT_ANCESTOR_15\=/Users/jeffhedrick/Library/Developer/Xcode/DerivedData/BibleAppPOCV2-adkitdvigthbrbbfojrmuqlfmctd/Build/Intermediates.noindex/BibleAppPOCV2.build/Debug-iphonesimulator/BibleAppPOCV2.build/DerivedSources/CoreMLGenerated/flan_t5_encoder -D SRCROOT\=/Users/jeffhedrick/Pictures/GitHub/BibleAppPOCV2 -D PROJECT_DIR\=/Users/jeffhedrick/Pictures/GitHub/BibleAppPOCV2 -D OBJROOT\=/Users/jeffhedrick/Library/Developer/Xcode/DerivedData/BibleAppPOCV2-adkitdvigthbrbbfojrmuqlfmctd/Build/Intermediates.noindex -D SYMROOT\=/Users/jeffhedrick/Library/Developer/Xcode/DerivedData/BibleAppPOCV2-adkitdvigthbrbbfojrmuqlfmctd/Build/Products -D DSTROOT\=/tmp/BibleAppPOCV2.dst -D SHARED_PRECOMPS_DIR\=/Users/jeffhedrick/Library/Developer/Xcode/DerivedData/BibleAppPOCV2-adkitdvigthbrbbfojrmuqlfmctd/Build/Intermediates.noindex/PrecompiledHeaders -D CACHE_ROOT\=/var/folders/cp/gdq6qd4508jb842d_ch7r43m0000gn/C/com.apple.DeveloperTools/16.4-16F6/Xcode -D CONFIGURATION_BUILD_DIR\=/Users/jeffhedrick/Library/Developer/Xcode/DerivedData/BibleAppPOCV2-adkitdvigthbrbbfojrmuqlfmctd/Build/Products/Debug-iphonesimulator -D CONFIGURATION_TEMP_DIR\=/Users/jeffhedrick/Library/Developer/Xcode/DerivedData/BibleAppPOCV2-adkitdvigthbrbbfojrmuqlfmctd/Build/Intermediates.noindex/BibleAppPOCV2.build/Debug-iphonesimulator -D LOCROOT\=/Users/jeffhedrick/Pictures/GitHub/BibleAppPOCV2 -D LOCSYMROOT\=/Users/jeffhedrick/Pictures/GitHub/BibleAppPOCV2 -D INDEX_PRECOMPS_DIR\=/Users/jeffhedrick/Library/Developer/Xcode/DerivedData/BibleAppPOCV2-adkitdvigthbrbbfojrmuqlfmctd/Index.noindex/PrecompiledHeaders -D INDEX_DATA_STORE_DIR\=/Users/jeffhedrick/Library/Developer/Xcode/DerivedData/BibleAppPOCV2-adkitdvigthbrbbfojrmuqlfmctd/Index.noindex/DataStore -D TEMP_DIR\=/Users/jeffhedrick/Library/Developer/Xcode/DerivedData/BibleAppPOCV2-adkitdvigthbrbbfojrmuqlfmctd/Build/Intermediates.noindex/BibleAppPOCV2.build/Debug-iphonesimulator/BibleAppPOCV2.build -D TARGET_TEMP_DIR\=/Users/jeffhedrick/Library/Developer/Xcode/DerivedData/BibleAppPOCV2-adkitdvigthbrbbfojrmuqlfmctd/Build/Intermediates.noindex/BibleAppPOCV2.build/Debug-iphonesimulator/BibleAppPOCV2.build -D DERIVED_FILE_DIR\=/Users/jeffhedrick/Library/Developer/Xcode/DerivedData/BibleAppPOCV2-adkitdvigthbrbbfojrmuqlfmctd/Build/Intermediates.noindex/BibleAppPOCV2.build/Debug-iphonesimulator/BibleAppPOCV2.build/DerivedSources -f /Users/jeffhedrick/Library/Developer/Xcode/DerivedData/BibleAppPOCV2-adkitdvigthbrbbfojrmuqlfmctd/Build/Intermediates.noindex/BibleAppPOCV2.build/Debug-iphonesimulator/BibleAppPOCV2.build/8758ca0c47591ccce892b7ef77f3dab0.sb /Applications/Xcode.app/Contents/Developer/Toolchains/XcodeDefault.xctoolchain/usr/bin/coremlc generate /Users/jeffhedrick/Pictures/GitHub/BibleAppPOCV2/BibleAppPOCV2/Resources/ML/flan_t5_encoder.mlpackage /Users/jeffhedrick/Library/Developer/Xcode/DerivedData/BibleAppPOCV2-adkitdvigthbrbbfojrmuqlfmctd/Build/Intermediates.noindex/BibleAppPOCV2.build/Debug-iphonesimulator/BibleAppPOCV2.build/DerivedSources/CoreMLGenerated/flan_t5_encoder --deployment-target 18.5 --sdkroot /Applications/Xcode.app/Contents/Developer/Platforms/iPhoneSimulator.platform/Developer/SDKs/iPhoneSimulator18.5.sdk --platform ios --output-partial-info-plist /Users/jeffhedrick/Library/Developer/Xcode/DerivedData/BibleAppPOCV2-adkitdvigthbrbbfojrmuqlfmctd/Build/Intermediates.noindex/BibleAppPOCV2.build/Debug-iphonesimulator/BibleAppPOCV2.build/flan_t5_encoder-CoreMLPartialInfo.plist --container bundle-resources --language Swift --swift-version 5.0
/Users/jeffhedrick/Library/Developer/Xcode/DerivedData/BibleAppPOCV2-adkitdvigthbrbbfojrmuqlfmctd/Build/Intermediates.noindex/BibleAppPOCV2.build/Debug-iphonesimulator/BibleAppPOCV2.build/DerivedSources/CoreMLGenerated/flan_t5_encoder/flan_t5_encoder.swift

CompileAssetCatalogVariant thinned /Users/jeffhedrick/Library/Developer/Xcode/DerivedData/BibleAppPOCV2-adkitdvigthbrbbfojrmuqlfmctd/Build/Products/Debug-iphonesimulator/BibleAppPOCV2.app /Users/jeffhedrick/Pictures/GitHub/BibleAppPOCV2/BibleAppPOCV2/Assets.xcassets (in target 'BibleAppPOCV2' from project 'BibleAppPOCV2')
    cd /Users/jeffhedrick/Pictures/GitHub/BibleAppPOCV2
    /Applications/Xcode.app/Contents/Developer/usr/bin/actool /Users/jeffhedrick/Pictures/GitHub/BibleAppPOCV2/BibleAppPOCV2/Assets.xcassets --compile /Users/jeffhedrick/Library/Developer/Xcode/DerivedData/BibleAppPOCV2-adkitdvigthbrbbfojrmuqlfmctd/Build/Intermediates.noindex/BibleAppPOCV2.build/Debug-iphonesimulator/BibleAppPOCV2.build/assetcatalog_output/thinned --output-format human-readable-text --notices --warnings --export-dependency-info /Users/jeffhedrick/Library/Developer/Xcode/DerivedData/BibleAppPOCV2-adkitdvigthbrbbfojrmuqlfmctd/Build/Intermediates.noindex/BibleAppPOCV2.build/Debug-iphonesimulator/BibleAppPOCV2.build/assetcatalog_dependencies_thinned --output-partial-info-plist /Users/jeffhedrick/Library/Developer/Xcode/DerivedData/BibleAppPOCV2-adkitdvigthbrbbfojrmuqlfmctd/Build/Intermediates.noindex/BibleAppPOCV2.build/Debug-iphonesimulator/BibleAppPOCV2.build/assetcatalog_generated_info.plist_thinned --app-icon AppIcon --accent-color AccentColor --compress-pngs --enable-on-demand-resources YES --filter-for-thinning-device-configuration iPhone17,3 --filter-for-device-os-version 26.0 --development-region en --target-device iphone --target-device ipad --minimum-deployment-target 18.5 --platform iphonesimulator

SwiftDriver BibleAppPOCV2 normal arm64 com.apple.xcode.tools.swift.compiler (in target 'BibleAppPOCV2' from project 'BibleAppPOCV2')
    cd /Users/jeffhedrick/Pictures/GitHub/BibleAppPOCV2
    builtin-SwiftDriver -- /Applications/Xcode.app/Contents/Developer/Toolchains/XcodeDefault.xctoolchain/usr/bin/swiftc -module-name BibleAppPOCV2 -Onone -enforce-exclusivity\=checked @/Users/jeffhedrick/Library/Developer/Xcode/DerivedData/BibleAppPOCV2-adkitdvigthbrbbfojrmuqlfmctd/Build/Intermediates.noindex/BibleAppPOCV2.build/Debug-iphonesimulator/BibleAppPOCV2.build/Objects-normal/arm64/BibleAppPOCV2.SwiftFileList -DDEBUG -enable-bare-slash-regex -enable-experimental-feature DebugDescriptionMacro -sdk /Applications/Xcode.app/Contents/Developer/Platforms/iPhoneSimulator.platform/Developer/SDKs/iPhoneSimulator18.5.sdk -target arm64-apple-ios18.5-simulator -g -module-cache-path /Users/jeffhedrick/Library/Developer/Xcode/DerivedData/ModuleCache.noindex -Xfrontend -serialize-debugging-options -profile-coverage-mapping -profile-generate -enable-testing -index-store-path /Users/jeffhedrick/Library/Developer/Xcode/DerivedData/BibleAppPOCV2-adkitdvigthbrbbfojrmuqlfmctd/Index.noindex/DataStore -swift-version 5 -I /Users/jeffhedrick/Library/Developer/Xcode/DerivedData/BibleAppPOCV2-adkitdvigthbrbbfojrmuqlfmctd/Build/Products/Debug-iphonesimulator -F /Users/jeffhedrick/Library/Developer/Xcode/DerivedData/BibleAppPOCV2-adkitdvigthbrbbfojrmuqlfmctd/Build/Products/Debug-iphonesimulator -emit-localized-strings -emit-localized-strings-path /Users/jeffhedrick/Library/Developer/Xcode/DerivedData/BibleAppPOCV2-adkitdvigthbrbbfojrmuqlfmctd/Build/Intermediates.noindex/BibleAppPOCV2.build/Debug-iphonesimulator/BibleAppPOCV2.build/Objects-normal/arm64 -c -j12 -enable-batch-mode -incremental -Xcc -ivfsstatcache -Xcc /Users/jeffhedrick/Library/Developer/Xcode/DerivedData/SDKStatCaches.noindex/iphonesimulator18.5-22F76-d5fc8ad4295d2ef488fb7d0f804ce0c4.sdkstatcache -output-file-map /Users/jeffhedrick/Library/Developer/Xcode/DerivedData/BibleAppPOCV2-adkitdvigthbrbbfojrmuqlfmctd/Build/Intermediates.noindex/BibleAppPOCV2.build/Debug-iphonesimulator/BibleAppPOCV2.build/Objects-normal/arm64/BibleAppPOCV2-OutputFileMap.json -use-frontend-parseable-output -save-temps -no-color-diagnostics -serialize-diagnostics -emit-dependencies -emit-module -emit-module-path /Users/jeffhedrick/Library/Developer/Xcode/DerivedData/BibleAppPOCV2-adkitdvigthbrbbfojrmuqlfmctd/Build/Intermediates.noindex/BibleAppPOCV2.build/Debug-iphonesimulator/BibleAppPOCV2.build/Objects-normal/arm64/BibleAppPOCV2.swiftmodule -validate-clang-modules-once -clang-build-session-file /Users/jeffhedrick/Library/Developer/Xcode/DerivedData/ModuleCache.noindex/Session.modulevalidation -Xcc -I/Users/jeffhedrick/Library/Developer/Xcode/DerivedData/BibleAppPOCV2-adkitdvigthbrbbfojrmuqlfmctd/Build/Intermediates.noindex/BibleAppPOCV2.build/Debug-iphonesimulator/BibleAppPOCV2.build/swift-overrides.hmap -emit-const-values -Xfrontend -const-gather-protocols-file -Xfrontend /Users/jeffhedrick/Library/Developer/Xcode/DerivedData/BibleAppPOCV2-adkitdvigthbrbbfojrmuqlfmctd/Build/Intermediates.noindex/BibleAppPOCV2.build/Debug-iphonesimulator/BibleAppPOCV2.build/Objects-normal/arm64/BibleAppPOCV2_const_extract_protocols.json -Xcc -iquote -Xcc /Users/jeffhedrick/Library/Developer/Xcode/DerivedData/BibleAppPOCV2-adkitdvigthbrbbfojrmuqlfmctd/Build/Intermediates.noindex/BibleAppPOCV2.build/Debug-iphonesimulator/BibleAppPOCV2.build/BibleAppPOCV2-generated-files.hmap -Xcc -I/Users/jeffhedrick/Library/Developer/Xcode/DerivedData/BibleAppPOCV2-adkitdvigthbrbbfojrmuqlfmctd/Build/Intermediates.noindex/BibleAppPOCV2.build/Debug-iphonesimulator/BibleAppPOCV2.build/BibleAppPOCV2-own-target-headers.hmap -Xcc -I/Users/jeffhedrick/Library/Developer/Xcode/DerivedData/BibleAppPOCV2-adkitdvigthbrbbfojrmuqlfmctd/Build/Intermediates.noindex/BibleAppPOCV2.build/Debug-iphonesimulator/BibleAppPOCV2.build/BibleAppPOCV2-all-target-headers.hmap -Xcc -iquote -Xcc /Users/jeffhedrick/Library/Developer/Xcode/DerivedData/BibleAppPOCV2-adkitdvigthbrbbfojrmuqlfmctd/Build/Intermediates.noindex/BibleAppPOCV2.build/Debug-iphonesimulator/BibleAppPOCV2.build/BibleAppPOCV2-project-headers.hmap -Xcc -I/Users/jeffhedrick/Library/Developer/Xcode/DerivedData/BibleAppPOCV2-adkitdvigthbrbbfojrmuqlfmctd/Build/Products/Debug-iphonesimulator/include -Xcc -I/Users/jeffhedrick/Library/Developer/Xcode/DerivedData/BibleAppPOCV2-adkitdvigthbrbbfojrmuqlfmctd/Build/Intermediates.noindex/BibleAppPOCV2.build/Debug-iphonesimulator/BibleAppPOCV2.build/DerivedSources-normal/arm64 -Xcc -I/Users/jeffhedrick/Library/Developer/Xcode/DerivedData/BibleAppPOCV2-adkitdvigthbrbbfojrmuqlfmctd/Build/Intermediates.noindex/BibleAppPOCV2.build/Debug-iphonesimulator/BibleAppPOCV2.build/DerivedSources/arm64 -Xcc -I/Users/jeffhedrick/Library/Developer/Xcode/DerivedData/BibleAppPOCV2-adkitdvigthbrbbfojrmuqlfmctd/Build/Intermediates.noindex/BibleAppPOCV2.build/Debug-iphonesimulator/BibleAppPOCV2.build/DerivedSources -Xcc -DDEBUG\=1 -emit-objc-header -emit-objc-header-path /Users/jeffhedrick/Library/Developer/Xcode/DerivedData/BibleAppPOCV2-adkitdvigthbrbbfojrmuqlfmctd/Build/Intermediates.noindex/BibleAppPOCV2.build/Debug-iphonesimulator/BibleAppPOCV2.build/Objects-normal/arm64/BibleAppPOCV2-Swift.h -working-directory /Users/jeffhedrick/Pictures/GitHub/BibleAppPOCV2 -experimental-emit-module-separately -disable-cmo

SwiftCompile normal arm64 Compiling\ OptimizedChapterView.swift,\ RepositoryProtocols.swift,\ VerseSummary.swift,\ UnifiedBibleModels.swift,\ TruncationDetector.swift /Users/jeffhedrick/Pictures/GitHub/BibleAppPOCV2/BibleAppPOCV2/Views/OptimizedChapterView.swift /Users/jeffhedrick/Pictures/GitHub/BibleAppPOCV2/BibleAppPOCV2/Infrastructure/RepositoryProtocols.swift /Users/jeffhedrick/Pictures/GitHub/BibleAppPOCV2/BibleAppPOCV2/Models/VerseSummary.swift /Users/jeffhedrick/Pictures/GitHub/BibleAppPOCV2/BibleAppPOCV2/Models/UnifiedBibleModels.swift /Users/jeffhedrick/Pictures/GitHub/BibleAppPOCV2/BibleAppPOCV2/Utilities/TruncationDetector.swift (in target 'BibleAppPOCV2' from project 'BibleAppPOCV2')
Failed frontend command:
/Applications/Xcode.app/Contents/Developer/Toolchains/XcodeDefault.xctoolchain/usr/bin/swift-frontend -frontend -c /Users/jeffhedrick/Pictures/GitHub/BibleAppPOCV2/BibleAppPOCV2/ViewModels/VerseSummaryViewModel.swift /Users/jeffhedrick/Pictures/GitHub/BibleAppPOCV2/BibleAppPOCV2/Protocols/BibleDataLoading.swift /Users/jeffhedrick/Pictures/GitHub/BibleAppPOCV2/BibleAppPOCV2/Services/FragmentedPageNavigationManager.swift /Users/jeffhedrick/Pictures/GitHub/BibleAppPOCV2/BibleAppPOCV2/Views/BookTileView.swift /Users/jeffhedrick/Pictures/GitHub/BibleAppPOCV2/BibleAppPOCV2/Services/PageContentGenerator.swift /Users/jeffhedrick/Pictures/GitHub/BibleAppPOCV2/BibleAppPOCV2/Models/Page.swift /Users/jeffhedrick/Pictures/GitHub/BibleAppPOCV2/BibleAppPOCV2/Views/OptimizedBookGridView.swift /Users/jeffhedrick/Pictures/GitHub/BibleAppPOCV2/BibleAppPOCV2/OptimizedBibleApp.swift /Users/jeffhedrick/Pictures/GitHub/BibleAppPOCV2/BibleAppPOCV2/DI/DependencyContainer.swift /Users/jeffhedrick/Pictures/GitHub/BibleAppPOCV2/BibleAppPOCV2/Utilities/DebugLogger.swift /Users/jeffhedrick/Pictures/GitHub/BibleAppPOCV2/BibleAppPOCV2/Services/JITTextFormatter.swift /Users/jeffhedrick/Pictures/GitHub/BibleAppPOCV2/BibleAppPOCV2/Views/BookTitleView.swift /Users/jeffhedrick/Pictures/GitHub/BibleAppPOCV2/BibleAppPOCV2/Infrastructure/ServiceProtocols.swift /Users/jeffhedrick/Pictures/GitHub/BibleAppPOCV2/BibleAppPOCV2/Services/PageFormatter.swift /Users/jeffhedrick/Pictures/GitHub/BibleAppPOCV2/BibleAppPOCV2/Models/OptimizedBibleDataLoader.swift /Users/jeffhedrick/Pictures/GitHub/BibleAppPOCV2/BibleAppPOCV2/Models/VerseFragment.swift /Users/jeffhedrick/Pictures/GitHub/BibleAppPOCV2/BibleAppPOCV2/MLModels/MLXVerseSummarizer.swift /Users/jeffhedrick/Pictures/GitHub/BibleAppPOCV2/BibleAppPOCV2/Models/VerseEntry.swift /Users/jeffhedrick/Pictures/GitHub/BibleAppPOCV2/BibleAppPOCV2/Utilities/PerformanceMonitor.swift /Users/jeffhedrick/Pictures/GitHub/BibleAppPOCV2/BibleAppPOCV2/ViewModifiers/GlassModifier.swift /Users/jeffhedrick/Pictures/GitHub/BibleAppPOCV2/BibleAppPOCV2/Services/LLMService.swift /Users/jeffhedrick/Pictures/GitHub/BibleAppPOCV2/BibleAppPOCV2/Models/PageSnapshot.swift /Users/jeffhedrick/Pictures/GitHub/BibleAppPOCV2/BibleAppPOCV2/Views/ChapterNumberView.swift /Users/jeffhedrick/Pictures/GitHub/BibleAppPOCV2/BibleAppPOCV2/Services/PageHistoryRestorer.swift /Users/jeffhedrick/Pictures/GitHub/BibleAppPOCV2/BibleAppPOCV2/Models/LegacyBibleModels.swift -primary-file /Users/jeffhedrick/Pictures/GitHub/BibleAppPOCV2/BibleAppPOCV2/Views/OptimizedChapterView.swift -primary-file /Users/jeffhedrick/Pictures/GitHub/BibleAppPOCV2/BibleAppPOCV2/Infrastructure/RepositoryProtocols.swift -primary-file /Users/jeffhedrick/Pictures/GitHub/BibleAppPOCV2/BibleAppPOCV2/Models/VerseSummary.swift -primary-file /Users/jeffhedrick/Pictures/GitHub/BibleAppPOCV2/BibleAppPOCV2/Models/UnifiedBibleModels.swift -primary-file /Users/jeffhedrick/Pictures/GitHub/BibleAppPOCV2/BibleAppPOCV2/Utilities/TruncationDetector.swift /Users/jeffhedrick/Pictures/GitHub/BibleAppPOCV2/BibleAppPOCV2/Services/BibleFormatter.swift /Users/jeffhedrick/Pictures/GitHub/BibleAppPOCV2/BibleAppPOCV2/Services/OnDemandPageGenerator.swift /Users/jeffhedrick/Pictures/GitHub/BibleAppPOCV2/BibleAppPOCV2/Models/PageSlice.swift /Users/jeffhedrick/Pictures/GitHub/BibleAppPOCV2/BibleAppPOCV2/Views/CrosswayTypographyExample.swift /Users/jeffhedrick/Pictures/GitHub/BibleAppPOCV2/BibleAppPOCV2/Services/PageHistoryService.swift /Users/jeffhedrick/Pictures/GitHub/BibleAppPOCV2/BibleAppPOCV2/Models/LayoutMetrics.swift /Users/jeffhedrick/Pictures/GitHub/BibleAppPOCV2/BibleAppPOCV2/Views/OptimizedVerseView.swift /Users/jeffhedrick/Pictures/GitHub/BibleAppPOCV2/BibleAppPOCV2/Tokenizer/BARTTokenizer.swift /Users/jeffhedrick/Pictures/GitHub/BibleAppPOCV2/BibleAppPOCV2/Infrastructure/OptimizedBibleRepository.swift /Users/jeffhedrick/Pictures/GitHub/BibleAppPOCV2/BibleAppPOCV2/Models/Typography.swift /Users/jeffhedrick/Pictures/GitHub/BibleAppPOCV2/BibleAppPOCV2/Services/BibleTextFormatter.swift /Users/jeffhedrick/Pictures/GitHub/BibleAppPOCV2/BibleAppPOCV2/Views/BackgroundView.swift /Users/jeffhedrick/Pictures/GitHub/BibleAppPOCV2/BibleAppPOCV2/Models/PageNode.swift /Users/jeffhedrick/Pictures/GitHub/BibleAppPOCV2/BibleAppPOCV2/Views/HeaderView.swift /Users/jeffhedrick/Pictures/GitHub/BibleAppPOCV2/BibleAppPOCV2/Services/T5Tokenizer.swift /Users/jeffhedrick/Pictures/GitHub/BibleAppPOCV2/BibleAppPOCV2/Models/ImprovedBibleModels.swift /Users/jeffhedrick/Pictures/GitHub/BibleAppPOCV2/BibleAppPOCV2/Views/VerseSummaryPopupView.swift /Users/jeffhedrick/Pictures/GitHub/BibleAppPOCV2/BibleAppPOCV2/Tokenizer/BibleTextEncoder.swift /Users/jeffhedrick/Pictures/GitHub/BibleAppPOCV2/BibleAppPOCV2/ViewModels/OptimizedBibleViewModel.swift /Users/jeffhedrick/Pictures/GitHub/BibleAppPOCV2/BibleAppPOCV2/Services/FragmentedPageGenerator.swift /Users/jeffhedrick/Pictures/GitHub/BibleAppPOCV2/BibleAppPOCV2/Models/ReaderModels.swift /Users/jeffhedrick/Pictures/GitHub/BibleAppPOCV2/BibleAppPOCV2/Views/BibleReaderView.swift /Users/jeffhedrick/Pictures/GitHub/BibleAppPOCV2/BibleAppPOCV2/Services/PageCache.swift /Users/jeffhedrick/Pictures/GitHub/BibleAppPOCV2/BibleAppPOCV2/Models/PageHistoryEntry.swift /Users/jeffhedrick/Pictures/GitHub/BibleAppPOCV2/BibleAppPOCV2/Views/OptimizedBibleReaderView.swift /Users/jeffhedrick/Pictures/GitHub/BibleAppPOCV2/BibleAppPOCV2/Services/VerseFragmentGenerator.swift /Users/jeffhedrick/Pictures/GitHub/BibleAppPOCV2/BibleAppPOCV2/Models/BibleDataLoader.swift /Users/jeffhedrick/Library/Developer/Xcode/DerivedData/BibleAppPOCV2-adkitdvigthbrbbfojrmuqlfmctd/Build/Intermediates.noindex/BibleAppPOCV2.build/Debug-iphonesimulator/BibleAppPOCV2.build/DerivedSources/CoreMLGenerated/flan_t5_encoder/flan_t5_encoder.swift /Users/jeffhedrick/Library/Developer/Xcode/DerivedData/BibleAppPOCV2-adkitdvigthbrbbfojrmuqlfmctd/Build/Intermediates.noindex/BibleAppPOCV2.build/Debug-iphonesimulator/BibleAppPOCV2.build/DerivedSources/GeneratedAssetSymbols.swift -supplementary-output-file-map /Users/jeffhedrick/Library/Developer/Xcode/DerivedData/BibleAppPOCV2-adkitdvigthbrbbfojrmuqlfmctd/Build/Intermediates.noindex/BibleAppPOCV2.build/Debug-iphonesimulator/BibleAppPOCV2.build/Objects-normal/arm64/supplementaryOutputs-6 -emit-localized-strings -emit-localized-strings-path /Users/jeffhedrick/Library/Developer/Xcode/DerivedData/BibleAppPOCV2-adkitdvigthbrbbfojrmuqlfmctd/Build/Intermediates.noindex/BibleAppPOCV2.build/Debug-iphonesimulator/BibleAppPOCV2.build/Objects-normal/arm64 -target arm64-apple-ios18.5-simulator -Xllvm -aarch64-use-tbi -enable-objc-interop -sdk /Applications/Xcode.app/Contents/Developer/Platforms/iPhoneSimulator.platform/Developer/SDKs/iPhoneSimulator18.5.sdk -I /Users/jeffhedrick/Library/Developer/Xcode/DerivedData/BibleAppPOCV2-adkitdvigthbrbbfojrmuqlfmctd/Build/Products/Debug-iphonesimulator -F /Users/jeffhedrick/Library/Developer/Xcode/DerivedData/BibleAppPOCV2-adkitdvigthbrbbfojrmuqlfmctd/Build/Products/Debug-iphonesimulator -no-color-diagnostics -enable-testing -g -debug-info-format\=dwarf -dwarf-version\=5 -module-cache-path /Users/jeffhedrick/Library/Developer/Xcode/DerivedData/ModuleCache.noindex -profile-generate -profile-coverage-mapping -swift-version 5 -enforce-exclusivity\=checked -Onone -D DEBUG -serialize-debugging-options -const-gather-protocols-file /Users/jeffhedrick/Library/Developer/Xcode/DerivedData/BibleAppPOCV2-adkitdvigthbrbbfojrmuqlfmctd/Build/Intermediates.noindex/BibleAppPOCV2.build/Debug-iphonesimulator/BibleAppPOCV2.build/Objects-normal/arm64/BibleAppPOCV2_const_extract_protocols.json -enable-experimental-feature DebugDescriptionMacro -enable-bare-slash-regex -empty-abi-descriptor -validate-clang-modules-once -clang-build-session-file /Users/jeffhedrick/Library/Developer/Xcode/DerivedData/ModuleCache.noindex/Session.modulevalidation -Xcc -working-directory -Xcc /Users/jeffhedrick/Pictures/GitHub/BibleAppPOCV2 -resource-dir /Applications/Xcode.app/Contents/Developer/Toolchains/XcodeDefault.xctoolchain/usr/lib/swift -enable-anonymous-context-mangled-names -file-compilation-dir /Users/jeffhedrick/Pictures/GitHub/BibleAppPOCV2 -Xcc -ivfsstatcache -Xcc /Users/jeffhedrick/Library/Developer/Xcode/DerivedData/SDKStatCaches.noindex/iphonesimulator18.5-22F76-d5fc8ad4295d2ef488fb7d0f804ce0c4.sdkstatcache -Xcc -I/Users/jeffhedrick/Library/Developer/Xcode/DerivedData/BibleAppPOCV2-adkitdvigthbrbbfojrmuqlfmctd/Build/Intermediates.noindex/BibleAppPOCV2.build/Debug-iphonesimulator/BibleAppPOCV2.build/swift-overrides.hmap -Xcc -iquote -Xcc /Users/jeffhedrick/Library/Developer/Xcode/DerivedData/BibleAppPOCV2-adkitdvigthbrbbfojrmuqlfmctd/Build/Intermediates.noindex/BibleAppPOCV2.build/Debug-iphonesimulator/BibleAppPOCV2.build/BibleAppPOCV2-generated-files.hmap -Xcc -I/Users/jeffhedrick/Library/Developer/Xcode/DerivedData/BibleAppPOCV2-adkitdvigthbrbbfojrmuqlfmctd/Build/Intermediates.noindex/BibleAppPOCV2.build/Debug-iphonesimulator/BibleAppPOCV2.build/BibleAppPOCV2-own-target-headers.hmap -Xcc -I/Users/jeffhedrick/Library/Developer/Xcode/DerivedData/BibleAppPOCV2-adkitdvigthbrbbfojrmuqlfmctd/Build/Intermediates.noindex/BibleAppPOCV2.build/Debug-iphonesimulator/BibleAppPOCV2.build/BibleAppPOCV2-all-target-headers.hmap -Xcc -iquote -Xcc /Users/jeffhedrick/Library/Developer/Xcode/DerivedData/BibleAppPOCV2-adkitdvigthbrbbfojrmuqlfmctd/Build/Intermediates.noindex/BibleAppPOCV2.build/Debug-iphonesimulator/BibleAppPOCV2.build/BibleAppPOCV2-project-headers.hmap -Xcc -I/Users/jeffhedrick/Library/Developer/Xcode/DerivedData/BibleAppPOCV2-adkitdvigthbrbbfojrmuqlfmctd/Build/Products/Debug-iphonesimulator/include -Xcc -I/Users/jeffhedrick/Library/Developer/Xcode/DerivedData/BibleAppPOCV2-adkitdvigthbrbbfojrmuqlfmctd/Build/Intermediates.noindex/BibleAppPOCV2.build/Debug-iphonesimulator/BibleAppPOCV2.build/DerivedSources-normal/arm64 -Xcc -I/Users/jeffhedrick/Library/Developer/Xcode/DerivedData/BibleAppPOCV2-adkitdvigthbrbbfojrmuqlfmctd/Build/Intermediates.noindex/BibleAppPOCV2.build/Debug-iphonesimulator/BibleAppPOCV2.build/DerivedSources/arm64 -Xcc -I/Users/jeffhedrick/Library/Developer/Xcode/DerivedData/BibleAppPOCV2-adkitdvigthbrbbfojrmuqlfmctd/Build/Intermediates.noindex/BibleAppPOCV2.build/Debug-iphonesimulator/BibleAppPOCV2.build/DerivedSources -Xcc -DDEBUG\=1 -module-name BibleAppPOCV2 -frontend-parseable-output -disable-clang-spi -target-sdk-version 18.5 -target-sdk-name iphonesimulator18.5 -external-plugin-path /Applications/Xcode.app/Contents/Developer/Platforms/iPhoneOS.platform/Developer/usr/lib/swift/host/plugins\#/Applications/Xcode.app/Contents/Developer/Platforms/iPhoneOS.platform/Developer/usr/bin/swift-plugin-server -external-plugin-path /Applications/Xcode.app/Contents/Developer/Platforms/iPhoneOS.platform/Developer/usr/local/lib/swift/host/plugins\#/Applications/Xcode.app/Contents/Developer/Platforms/iPhoneOS.platform/Developer/usr/bin/swift-plugin-server -in-process-plugin-server-path /Applications/Xcode.app/Contents/Developer/Toolchains/XcodeDefault.xctoolchain/usr/lib/swift/host/libSwiftInProcPluginServer.dylib -plugin-path /Applications/Xcode.app/Contents/Developer/Toolchains/XcodeDefault.xctoolchain/usr/lib/swift/host/plugins -plugin-path /Applications/Xcode.app/Contents/Developer/Toolchains/XcodeDefault.xctoolchain/usr/local/lib/swift/host/plugins -o /Users/jeffhedrick/Library/Developer/Xcode/DerivedData/BibleAppPOCV2-adkitdvigthbrbbfojrmuqlfmctd/Build/Intermediates.noindex/BibleAppPOCV2.build/Debug-iphonesimulator/BibleAppPOCV2.build/Objects-normal/arm64/OptimizedChapterView.o -o /Users/jeffhedrick/Library/Developer/Xcode/DerivedData/BibleAppPOCV2-adkitdvigthbrbbfojrmuqlfmctd/Build/Intermediates.noindex/BibleAppPOCV2.build/Debug-iphonesimulator/BibleAppPOCV2.build/Objects-normal/arm64/RepositoryProtocols.o -o /Users/jeffhedrick/Library/Developer/Xcode/DerivedData/BibleAppPOCV2-adkitdvigthbrbbfojrmuqlfmctd/Build/Intermediates.noindex/BibleAppPOCV2.build/Debug-iphonesimulator/BibleAppPOCV2.build/Objects-normal/arm64/VerseSummary.o -o /Users/jeffhedrick/Library/Developer/Xcode/DerivedData/BibleAppPOCV2-adkitdvigthbrbbfojrmuqlfmctd/Build/Intermediates.noindex/BibleAppPOCV2.build/Debug-iphonesimulator/BibleAppPOCV2.build/Objects-normal/arm64/UnifiedBibleModels.o -o /Users/jeffhedrick/Library/Developer/Xcode/DerivedData/BibleAppPOCV2-adkitdvigthbrbbfojrmuqlfmctd/Build/Intermediates.noindex/BibleAppPOCV2.build/Debug-iphonesimulator/BibleAppPOCV2.build/Objects-normal/arm64/TruncationDetector.o -index-unit-output-path /BibleAppPOCV2.build/Debug-iphonesimulator/BibleAppPOCV2.build/Objects-normal/arm64/OptimizedChapterView.o -index-unit-output-path /BibleAppPOCV2.build/Debug-iphonesimulator/BibleAppPOCV2.build/Objects-normal/arm64/RepositoryProtocols.o -index-unit-output-path /BibleAppPOCV2.build/Debug-iphonesimulator/BibleAppPOCV2.build/Objects-normal/arm64/VerseSummary.o -index-unit-output-path /BibleAppPOCV2.build/Debug-iphonesimulator/BibleAppPOCV2.build/Objects-normal/arm64/UnifiedBibleModels.o -index-unit-output-path /BibleAppPOCV2.build/Debug-iphonesimulator/BibleAppPOCV2.build/Objects-normal/arm64/TruncationDetector.o -index-store-path /Users/jeffhedrick/Library/Developer/Xcode/DerivedData/BibleAppPOCV2-adkitdvigthbrbbfojrmuqlfmctd/Index.noindex/DataStore -index-system-modules

SwiftCompile normal arm64 /Users/jeffhedrick/Pictures/GitHub/BibleAppPOCV2/BibleAppPOCV2/Views/OptimizedChapterView.swift (in target 'BibleAppPOCV2' from project 'BibleAppPOCV2')
    cd /Users/jeffhedrick/Pictures/GitHub/BibleAppPOCV2
    

SwiftCompile normal arm64 /Users/jeffhedrick/Pictures/GitHub/BibleAppPOCV2/BibleAppPOCV2/Infrastructure/RepositoryProtocols.swift (in target 'BibleAppPOCV2' from project 'BibleAppPOCV2')
    cd /Users/jeffhedrick/Pictures/GitHub/BibleAppPOCV2
    
/Users/jeffhedrick/Pictures/GitHub/BibleAppPOCV2/BibleAppPOCV2/Models/ImprovedBibleModels.swift:281:56: error: no type named 'Chapter' in module 'BibleAppPOCV2'
    public typealias Chapter           = BibleAppPOCV2.Chapter
                                                       ^

SwiftCompile normal arm64 /Users/jeffhedrick/Pictures/GitHub/BibleAppPOCV2/BibleAppPOCV2/Models/VerseSummary.swift (in target 'BibleAppPOCV2' from project 'BibleAppPOCV2')
    cd /Users/jeffhedrick/Pictures/GitHub/BibleAppPOCV2
    

SwiftCompile normal arm64 /Users/jeffhedrick/Pictures/GitHub/BibleAppPOCV2/BibleAppPOCV2/Models/UnifiedBibleModels.swift (in target 'BibleAppPOCV2' from project 'BibleAppPOCV2')
    cd /Users/jeffhedrick/Pictures/GitHub/BibleAppPOCV2
    
/Users/jeffhedrick/Pictures/GitHub/BibleAppPOCV2/BibleAppPOCV2/Models/UnifiedBibleModels.swift:19:34: error: cannot find type 'Book' in scope
typealias LegacyBook           = Book
                                 ^~~~
/Users/jeffhedrick/Pictures/GitHub/BibleAppPOCV2/BibleAppPOCV2/Models/UnifiedBibleModels.swift:21:18: error: type alias 'Chapter' references itself
public typealias Chapter           = Chapter
                 ^
/Users/jeffhedrick/Pictures/GitHub/BibleAppPOCV2/BibleAppPOCV2/Models/UnifiedBibleModels.swift:21:38: note: while resolving type 'Chapter'
public typealias Chapter           = Chapter
                                     ^
/Users/jeffhedrick/Pictures/GitHub/BibleAppPOCV2/BibleAppPOCV2/Models/UnifiedBibleModels.swift:22:18: error: type alias 'Verse' references itself
public typealias Verse             = Verse
                 ^
/Users/jeffhedrick/Pictures/GitHub/BibleAppPOCV2/BibleAppPOCV2/Models/UnifiedBibleModels.swift:22:38: note: while resolving type 'Verse'
public typealias Verse             = Verse
                                     ^
/Users/jeffhedrick/Pictures/GitHub/BibleAppPOCV2/BibleAppPOCV2/Models/UnifiedBibleModels.swift:23:18: error: type alias 'VerseReference' references itself
public typealias VerseReference    = VerseReference
                 ^
/Users/jeffhedrick/Pictures/GitHub/BibleAppPOCV2/BibleAppPOCV2/Models/UnifiedBibleModels.swift:23:38: note: while resolving type 'VerseReference'
public typealias VerseReference    = VerseReference
                                     ^
/Users/jeffhedrick/Pictures/GitHub/BibleAppPOCV2/BibleAppPOCV2/Models/UnifiedBibleModels.swift:24:18: error: type alias 'VerseRange' references itself
public typealias VerseRange        = VerseRange
                 ^
/Users/jeffhedrick/Pictures/GitHub/BibleAppPOCV2/BibleAppPOCV2/Models/UnifiedBibleModels.swift:24:38: note: while resolving type 'VerseRange'
public typealias VerseRange        = VerseRange
                                     ^
/Users/jeffhedrick/Pictures/GitHub/BibleAppPOCV2/BibleAppPOCV2/Models/UnifiedBibleModels.swift:27:15: error: type alias 'BibleMetadata' references itself
    typealias BibleMetadata     = BibleMetadata
              ^
/Users/jeffhedrick/Pictures/GitHub/BibleAppPOCV2/BibleAppPOCV2/Models/UnifiedBibleModels.swift:27:35: note: while resolving type 'BibleMetadata'
    typealias BibleMetadata     = BibleMetadata
                                  ^
/Users/jeffhedrick/Pictures/GitHub/BibleAppPOCV2/BibleAppPOCV2/Models/UnifiedBibleModels.swift:28:15: error: type alias 'BookMetadata' references itself
    typealias BookMetadata      = BookMetadata
              ^
/Users/jeffhedrick/Pictures/GitHub/BibleAppPOCV2/BibleAppPOCV2/Models/UnifiedBibleModels.swift:28:35: note: while resolving type 'BookMetadata'
    typealias BookMetadata      = BookMetadata
                                  ^
/Users/jeffhedrick/Pictures/GitHub/BibleAppPOCV2/BibleAppPOCV2/Models/UnifiedBibleModels.swift:29:15: error: type alias 'NavigationContext' references itself
    typealias NavigationContext = NavigationContext
              ^
/Users/jeffhedrick/Pictures/GitHub/BibleAppPOCV2/BibleAppPOCV2/Models/UnifiedBibleModels.swift:29:35: note: while resolving type 'NavigationContext'
    typealias NavigationContext = NavigationContext
                                  ^
/Users/jeffhedrick/Pictures/GitHub/BibleAppPOCV2/BibleAppPOCV2/Models/UnifiedBibleModels.swift:32:15: error: type alias 'ServiceResult' references itself
    typealias ServiceResult<T> = ServiceResult<T>
              ^
/Users/jeffhedrick/Pictures/GitHub/BibleAppPOCV2/BibleAppPOCV2/Models/UnifiedBibleModels.swift:32:15: note: through reference here
    typealias ServiceResult<T> = ServiceResult<T>
              ^
/Users/jeffhedrick/Pictures/GitHub/BibleAppPOCV2/BibleAppPOCV2/Models/UnifiedBibleModels.swift:32:34: note: while resolving type 'ServiceResult<T>'
    typealias ServiceResult<T> = ServiceResult<T>
                                 ^
/Users/jeffhedrick/Pictures/GitHub/BibleAppPOCV2/BibleAppPOCV2/Models/UnifiedBibleModels.swift:32:15: error: type alias 'ServiceResult' references itself
    typealias ServiceResult<T> = ServiceResult<T>
              ^
/Users/jeffhedrick/Pictures/GitHub/BibleAppPOCV2/BibleAppPOCV2/Models/UnifiedBibleModels.swift:32:34: note: while resolving type 'ServiceResult<T>'
    typealias ServiceResult<T> = ServiceResult<T>
                                 ^
/Users/jeffhedrick/Pictures/GitHub/BibleAppPOCV2/BibleAppPOCV2/Models/UnifiedBibleModels.swift:33:15: error: type alias 'BibleError' references itself
    typealias BibleError       = BibleError
              ^
/Users/jeffhedrick/Pictures/GitHub/BibleAppPOCV2/BibleAppPOCV2/Models/UnifiedBibleModels.swift:33:34: note: while resolving type 'BibleError'
    typealias BibleError       = BibleError
                                 ^
/Users/jeffhedrick/Pictures/GitHub/BibleAppPOCV2/BibleAppPOCV2/Models/UnifiedBibleModels.swift:36:15: error: type alias 'BibleConstants' references itself
    typealias BibleConstants = BibleConstants
              ^
/Users/jeffhedrick/Pictures/GitHub/BibleAppPOCV2/BibleAppPOCV2/Models/UnifiedBibleModels.swift:36:32: note: while resolving type 'BibleConstants'
    typealias BibleConstants = BibleConstants
                               ^
/Users/jeffhedrick/Pictures/GitHub/BibleAppPOCV2/BibleAppPOCV2/Models/UnifiedBibleModels.swift:37:15: error: type alias 'PageContent' references itself
    typealias PageContent    = PageContent
              ^
/Users/jeffhedrick/Pictures/GitHub/BibleAppPOCV2/BibleAppPOCV2/Models/UnifiedBibleModels.swift:37:32: note: while resolving type 'PageContent'
    typealias PageContent    = PageContent
                               ^

SwiftCompile normal arm64 /Users/jeffhedrick/Pictures/GitHub/BibleAppPOCV2/BibleAppPOCV2/Utilities/TruncationDetector.swift (in target 'BibleAppPOCV2' from project 'BibleAppPOCV2')
    cd /Users/jeffhedrick/Pictures/GitHub/BibleAppPOCV2
    

SwiftCompile normal arm64 Compiling\ VerseSummaryViewModel.swift,\ BibleDataLoading.swift,\ FragmentedPageNavigationManager.swift,\ BookTileView.swift,\ PageContentGenerator.swift /Users/jeffhedrick/Pictures/GitHub/BibleAppPOCV2/BibleAppPOCV2/ViewModels/VerseSummaryViewModel.swift /Users/jeffhedrick/Pictures/GitHub/BibleAppPOCV2/BibleAppPOCV2/Protocols/BibleDataLoading.swift /Users/jeffhedrick/Pictures/GitHub/BibleAppPOCV2/BibleAppPOCV2/Services/FragmentedPageNavigationManager.swift /Users/jeffhedrick/Pictures/GitHub/BibleAppPOCV2/BibleAppPOCV2/Views/BookTileView.swift /Users/jeffhedrick/Pictures/GitHub/BibleAppPOCV2/BibleAppPOCV2/Services/PageContentGenerator.swift (in target 'BibleAppPOCV2' from project 'BibleAppPOCV2')
SwiftCompile normal arm64 /Users/jeffhedrick/Pictures/GitHub/BibleAppPOCV2/BibleAppPOCV2/ViewModels/VerseSummaryViewModel.swift (in target 'BibleAppPOCV2' from project 'BibleAppPOCV2')
    cd /Users/jeffhedrick/Pictures/GitHub/BibleAppPOCV2
    

SwiftCompile normal arm64 /Users/jeffhedrick/Pictures/GitHub/BibleAppPOCV2/BibleAppPOCV2/Protocols/BibleDataLoading.swift (in target 'BibleAppPOCV2' from project 'BibleAppPOCV2')
    cd /Users/jeffhedrick/Pictures/GitHub/BibleAppPOCV2
    

SwiftCompile normal arm64 /Users/jeffhedrick/Pictures/GitHub/BibleAppPOCV2/BibleAppPOCV2/Services/FragmentedPageNavigationManager.swift (in target 'BibleAppPOCV2' from project 'BibleAppPOCV2')
    cd /Users/jeffhedrick/Pictures/GitHub/BibleAppPOCV2
    

SwiftCompile normal arm64 /Users/jeffhedrick/Pictures/GitHub/BibleAppPOCV2/BibleAppPOCV2/Views/BookTileView.swift (in target 'BibleAppPOCV2' from project 'BibleAppPOCV2')
    cd /Users/jeffhedrick/Pictures/GitHub/BibleAppPOCV2
    

SwiftCompile normal arm64 /Users/jeffhedrick/Pictures/GitHub/BibleAppPOCV2/BibleAppPOCV2/Services/PageContentGenerator.swift (in target 'BibleAppPOCV2' from project 'BibleAppPOCV2')
    cd /Users/jeffhedrick/Pictures/GitHub/BibleAppPOCV2
    

SwiftCompile normal arm64 Compiling\ Page.swift,\ OptimizedBookGridView.swift,\ OptimizedBibleApp.swift,\ DependencyContainer.swift,\ DebugLogger.swift /Users/jeffhedrick/Pictures/GitHub/BibleAppPOCV2/BibleAppPOCV2/Models/Page.swift /Users/jeffhedrick/Pictures/GitHub/BibleAppPOCV2/BibleAppPOCV2/Views/OptimizedBookGridView.swift /Users/jeffhedrick/Pictures/GitHub/BibleAppPOCV2/BibleAppPOCV2/OptimizedBibleApp.swift /Users/jeffhedrick/Pictures/GitHub/BibleAppPOCV2/BibleAppPOCV2/DI/DependencyContainer.swift /Users/jeffhedrick/Pictures/GitHub/BibleAppPOCV2/BibleAppPOCV2/Utilities/DebugLogger.swift (in target 'BibleAppPOCV2' from project 'BibleAppPOCV2')
SwiftCompile normal arm64 /Users/jeffhedrick/Pictures/GitHub/BibleAppPOCV2/BibleAppPOCV2/Models/Page.swift (in target 'BibleAppPOCV2' from project 'BibleAppPOCV2')
    cd /Users/jeffhedrick/Pictures/GitHub/BibleAppPOCV2
    

SwiftCompile normal arm64 /Users/jeffhedrick/Pictures/GitHub/BibleAppPOCV2/BibleAppPOCV2/Views/OptimizedBookGridView.swift (in target 'BibleAppPOCV2' from project 'BibleAppPOCV2')
    cd /Users/jeffhedrick/Pictures/GitHub/BibleAppPOCV2
    

SwiftCompile normal arm64 /Users/jeffhedrick/Pictures/GitHub/BibleAppPOCV2/BibleAppPOCV2/OptimizedBibleApp.swift (in target 'BibleAppPOCV2' from project 'BibleAppPOCV2')
    cd /Users/jeffhedrick/Pictures/GitHub/BibleAppPOCV2
    

SwiftCompile normal arm64 /Users/jeffhedrick/Pictures/GitHub/BibleAppPOCV2/BibleAppPOCV2/DI/DependencyContainer.swift (in target 'BibleAppPOCV2' from project 'BibleAppPOCV2')
    cd /Users/jeffhedrick/Pictures/GitHub/BibleAppPOCV2
    

SwiftCompile normal arm64 /Users/jeffhedrick/Pictures/GitHub/BibleAppPOCV2/BibleAppPOCV2/Utilities/DebugLogger.swift (in target 'BibleAppPOCV2' from project 'BibleAppPOCV2')
    cd /Users/jeffhedrick/Pictures/GitHub/BibleAppPOCV2
    

SwiftCompile normal arm64 Compiling\ JITTextFormatter.swift,\ BookTitleView.swift,\ ServiceProtocols.swift,\ PageFormatter.swift,\ OptimizedBibleDataLoader.swift /Users/jeffhedrick/Pictures/GitHub/BibleAppPOCV2/BibleAppPOCV2/Services/JITTextFormatter.swift /Users/jeffhedrick/Pictures/GitHub/BibleAppPOCV2/BibleAppPOCV2/Views/BookTitleView.swift /Users/jeffhedrick/Pictures/GitHub/BibleAppPOCV2/BibleAppPOCV2/Infrastructure/ServiceProtocols.swift /Users/jeffhedrick/Pictures/GitHub/BibleAppPOCV2/BibleAppPOCV2/Services/PageFormatter.swift /Users/jeffhedrick/Pictures/GitHub/BibleAppPOCV2/BibleAppPOCV2/Models/OptimizedBibleDataLoader.swift (in target 'BibleAppPOCV2' from project 'BibleAppPOCV2')
SwiftCompile normal arm64 /Users/jeffhedrick/Pictures/GitHub/BibleAppPOCV2/BibleAppPOCV2/Services/JITTextFormatter.swift (in target 'BibleAppPOCV2' from project 'BibleAppPOCV2')
    cd /Users/jeffhedrick/Pictures/GitHub/BibleAppPOCV2
    

SwiftCompile normal arm64 /Users/jeffhedrick/Pictures/GitHub/BibleAppPOCV2/BibleAppPOCV2/Views/BookTitleView.swift (in target 'BibleAppPOCV2' from project 'BibleAppPOCV2')
    cd /Users/jeffhedrick/Pictures/GitHub/BibleAppPOCV2
    

SwiftCompile normal arm64 /Users/jeffhedrick/Pictures/GitHub/BibleAppPOCV2/BibleAppPOCV2/Infrastructure/ServiceProtocols.swift (in target 'BibleAppPOCV2' from project 'BibleAppPOCV2')
    cd /Users/jeffhedrick/Pictures/GitHub/BibleAppPOCV2
    

SwiftCompile normal arm64 /Users/jeffhedrick/Pictures/GitHub/BibleAppPOCV2/BibleAppPOCV2/Services/PageFormatter.swift (in target 'BibleAppPOCV2' from project 'BibleAppPOCV2')
    cd /Users/jeffhedrick/Pictures/GitHub/BibleAppPOCV2
    

SwiftCompile normal arm64 /Users/jeffhedrick/Pictures/GitHub/BibleAppPOCV2/BibleAppPOCV2/Models/OptimizedBibleDataLoader.swift (in target 'BibleAppPOCV2' from project 'BibleAppPOCV2')
    cd /Users/jeffhedrick/Pictures/GitHub/BibleAppPOCV2
    

SwiftCompile normal arm64 Compiling\ LayoutMetrics.swift,\ OptimizedVerseView.swift,\ BARTTokenizer.swift,\ OptimizedBibleRepository.swift,\ Typography.swift /Users/jeffhedrick/Pictures/GitHub/BibleAppPOCV2/BibleAppPOCV2/Models/LayoutMetrics.swift /Users/jeffhedrick/Pictures/GitHub/BibleAppPOCV2/BibleAppPOCV2/Views/OptimizedVerseView.swift /Users/jeffhedrick/Pictures/GitHub/BibleAppPOCV2/BibleAppPOCV2/Tokenizer/BARTTokenizer.swift /Users/jeffhedrick/Pictures/GitHub/BibleAppPOCV2/BibleAppPOCV2/Infrastructure/OptimizedBibleRepository.swift /Users/jeffhedrick/Pictures/GitHub/BibleAppPOCV2/BibleAppPOCV2/Models/Typography.swift (in target 'BibleAppPOCV2' from project 'BibleAppPOCV2')

SwiftCompile normal arm64 /Users/jeffhedrick/Pictures/GitHub/BibleAppPOCV2/BibleAppPOCV2/Models/LayoutMetrics.swift (in target 'BibleAppPOCV2' from project 'BibleAppPOCV2')
    cd /Users/jeffhedrick/Pictures/GitHub/BibleAppPOCV2
    

SwiftCompile normal arm64 /Users/jeffhedrick/Pictures/GitHub/BibleAppPOCV2/BibleAppPOCV2/Views/OptimizedVerseView.swift (in target 'BibleAppPOCV2' from project 'BibleAppPOCV2')
    cd /Users/jeffhedrick/Pictures/GitHub/BibleAppPOCV2
    

SwiftCompile normal arm64 /Users/jeffhedrick/Pictures/GitHub/BibleAppPOCV2/BibleAppPOCV2/Tokenizer/BARTTokenizer.swift (in target 'BibleAppPOCV2' from project 'BibleAppPOCV2')
    cd /Users/jeffhedrick/Pictures/GitHub/BibleAppPOCV2
    

SwiftCompile normal arm64 /Users/jeffhedrick/Pictures/GitHub/BibleAppPOCV2/BibleAppPOCV2/Infrastructure/OptimizedBibleRepository.swift (in target 'BibleAppPOCV2' from project 'BibleAppPOCV2')
    cd /Users/jeffhedrick/Pictures/GitHub/BibleAppPOCV2
    

SwiftCompile normal arm64 /Users/jeffhedrick/Pictures/GitHub/BibleAppPOCV2/BibleAppPOCV2/Models/Typography.swift (in target 'BibleAppPOCV2' from project 'BibleAppPOCV2')
    cd /Users/jeffhedrick/Pictures/GitHub/BibleAppPOCV2
    

SwiftCompile normal arm64 Compiling\ BibleFormatter.swift,\ OnDemandPageGenerator.swift,\ PageSlice.swift,\ CrosswayTypographyExample.swift,\ PageHistoryService.swift /Users/jeffhedrick/Pictures/GitHub/BibleAppPOCV2/BibleAppPOCV2/Services/BibleFormatter.swift /Users/jeffhedrick/Pictures/GitHub/BibleAppPOCV2/BibleAppPOCV2/Services/OnDemandPageGenerator.swift /Users/jeffhedrick/Pictures/GitHub/BibleAppPOCV2/BibleAppPOCV2/Models/PageSlice.swift /Users/jeffhedrick/Pictures/GitHub/BibleAppPOCV2/BibleAppPOCV2/Views/CrosswayTypographyExample.swift /Users/jeffhedrick/Pictures/GitHub/BibleAppPOCV2/BibleAppPOCV2/Services/PageHistoryService.swift (in target 'BibleAppPOCV2' from project 'BibleAppPOCV2')

SwiftCompile normal arm64 /Users/jeffhedrick/Pictures/GitHub/BibleAppPOCV2/BibleAppPOCV2/Services/BibleFormatter.swift (in target 'BibleAppPOCV2' from project 'BibleAppPOCV2')
    cd /Users/jeffhedrick/Pictures/GitHub/BibleAppPOCV2
    

SwiftCompile normal arm64 /Users/jeffhedrick/Pictures/GitHub/BibleAppPOCV2/BibleAppPOCV2/Services/OnDemandPageGenerator.swift (in target 'BibleAppPOCV2' from project 'BibleAppPOCV2')
    cd /Users/jeffhedrick/Pictures/GitHub/BibleAppPOCV2
    

SwiftCompile normal arm64 /Users/jeffhedrick/Pictures/GitHub/BibleAppPOCV2/BibleAppPOCV2/Models/PageSlice.swift (in target 'BibleAppPOCV2' from project 'BibleAppPOCV2')
    cd /Users/jeffhedrick/Pictures/GitHub/BibleAppPOCV2
    

SwiftCompile normal arm64 /Users/jeffhedrick/Pictures/GitHub/BibleAppPOCV2/BibleAppPOCV2/Views/CrosswayTypographyExample.swift (in target 'BibleAppPOCV2' from project 'BibleAppPOCV2')
    cd /Users/jeffhedrick/Pictures/GitHub/BibleAppPOCV2
    

SwiftCompile normal arm64 /Users/jeffhedrick/Pictures/GitHub/BibleAppPOCV2/BibleAppPOCV2/Services/PageHistoryService.swift (in target 'BibleAppPOCV2' from project 'BibleAppPOCV2')
    cd /Users/jeffhedrick/Pictures/GitHub/BibleAppPOCV2
    

SwiftCompile normal arm64 Compiling\ VerseFragment.swift,\ MLXVerseSummarizer.swift,\ VerseEntry.swift,\ PerformanceMonitor.swift,\ GlassModifier.swift /Users/jeffhedrick/Pictures/GitHub/BibleAppPOCV2/BibleAppPOCV2/Models/VerseFragment.swift /Users/jeffhedrick/Pictures/GitHub/BibleAppPOCV2/BibleAppPOCV2/MLModels/MLXVerseSummarizer.swift /Users/jeffhedrick/Pictures/GitHub/BibleAppPOCV2/BibleAppPOCV2/Models/VerseEntry.swift /Users/jeffhedrick/Pictures/GitHub/BibleAppPOCV2/BibleAppPOCV2/Utilities/PerformanceMonitor.swift /Users/jeffhedrick/Pictures/GitHub/BibleAppPOCV2/BibleAppPOCV2/ViewModifiers/GlassModifier.swift (in target 'BibleAppPOCV2' from project 'BibleAppPOCV2')

SwiftCompile normal arm64 /Users/jeffhedrick/Pictures/GitHub/BibleAppPOCV2/BibleAppPOCV2/Models/VerseFragment.swift (in target 'BibleAppPOCV2' from project 'BibleAppPOCV2')
    cd /Users/jeffhedrick/Pictures/GitHub/BibleAppPOCV2
    

SwiftCompile normal arm64 /Users/jeffhedrick/Pictures/GitHub/BibleAppPOCV2/BibleAppPOCV2/MLModels/MLXVerseSummarizer.swift (in target 'BibleAppPOCV2' from project 'BibleAppPOCV2')
    cd /Users/jeffhedrick/Pictures/GitHub/BibleAppPOCV2
    

SwiftCompile normal arm64 /Users/jeffhedrick/Pictures/GitHub/BibleAppPOCV2/BibleAppPOCV2/Models/VerseEntry.swift (in target 'BibleAppPOCV2' from project 'BibleAppPOCV2')
    cd /Users/jeffhedrick/Pictures/GitHub/BibleAppPOCV2
    

SwiftCompile normal arm64 /Users/jeffhedrick/Pictures/GitHub/BibleAppPOCV2/BibleAppPOCV2/Utilities/PerformanceMonitor.swift (in target 'BibleAppPOCV2' from project 'BibleAppPOCV2')
    cd /Users/jeffhedrick/Pictures/GitHub/BibleAppPOCV2
    

SwiftCompile normal arm64 /Users/jeffhedrick/Pictures/GitHub/BibleAppPOCV2/BibleAppPOCV2/ViewModifiers/GlassModifier.swift (in target 'BibleAppPOCV2' from project 'BibleAppPOCV2')
    cd /Users/jeffhedrick/Pictures/GitHub/BibleAppPOCV2
    

SwiftCompile normal arm64 Compiling\ BibleTextFormatter.swift,\ BackgroundView.swift,\ PageNode.swift,\ HeaderView.swift,\ T5Tokenizer.swift /Users/jeffhedrick/Pictures/GitHub/BibleAppPOCV2/BibleAppPOCV2/Services/BibleTextFormatter.swift /Users/jeffhedrick/Pictures/GitHub/BibleAppPOCV2/BibleAppPOCV2/Views/BackgroundView.swift /Users/jeffhedrick/Pictures/GitHub/BibleAppPOCV2/BibleAppPOCV2/Models/PageNode.swift /Users/jeffhedrick/Pictures/GitHub/BibleAppPOCV2/BibleAppPOCV2/Views/HeaderView.swift /Users/jeffhedrick/Pictures/GitHub/BibleAppPOCV2/BibleAppPOCV2/Services/T5Tokenizer.swift (in target 'BibleAppPOCV2' from project 'BibleAppPOCV2')
SwiftCompile normal arm64 /Users/jeffhedrick/Pictures/GitHub/BibleAppPOCV2/BibleAppPOCV2/Services/BibleTextFormatter.swift (in target 'BibleAppPOCV2' from project 'BibleAppPOCV2')
    cd /Users/jeffhedrick/Pictures/GitHub/BibleAppPOCV2
    

SwiftCompile normal arm64 /Users/jeffhedrick/Pictures/GitHub/BibleAppPOCV2/BibleAppPOCV2/Views/BackgroundView.swift (in target 'BibleAppPOCV2' from project 'BibleAppPOCV2')
    cd /Users/jeffhedrick/Pictures/GitHub/BibleAppPOCV2
    

SwiftCompile normal arm64 /Users/jeffhedrick/Pictures/GitHub/BibleAppPOCV2/BibleAppPOCV2/Models/PageNode.swift (in target 'BibleAppPOCV2' from project 'BibleAppPOCV2')
    cd /Users/jeffhedrick/Pictures/GitHub/BibleAppPOCV2
    

SwiftCompile normal arm64 /Users/jeffhedrick/Pictures/GitHub/BibleAppPOCV2/BibleAppPOCV2/Views/HeaderView.swift (in target 'BibleAppPOCV2' from project 'BibleAppPOCV2')
    cd /Users/jeffhedrick/Pictures/GitHub/BibleAppPOCV2
    

SwiftCompile normal arm64 /Users/jeffhedrick/Pictures/GitHub/BibleAppPOCV2/BibleAppPOCV2/Services/T5Tokenizer.swift (in target 'BibleAppPOCV2' from project 'BibleAppPOCV2')
    cd /Users/jeffhedrick/Pictures/GitHub/BibleAppPOCV2
    

SwiftCompile normal arm64 Compiling\ LLMService.swift,\ PageSnapshot.swift,\ ChapterNumberView.swift,\ PageHistoryRestorer.swift,\ LegacyBibleModels.swift /Users/jeffhedrick/Pictures/GitHub/BibleAppPOCV2/BibleAppPOCV2/Services/LLMService.swift /Users/jeffhedrick/Pictures/GitHub/BibleAppPOCV2/BibleAppPOCV2/Models/PageSnapshot.swift /Users/jeffhedrick/Pictures/GitHub/BibleAppPOCV2/BibleAppPOCV2/Views/ChapterNumberView.swift /Users/jeffhedrick/Pictures/GitHub/BibleAppPOCV2/BibleAppPOCV2/Services/PageHistoryRestorer.swift /Users/jeffhedrick/Pictures/GitHub/BibleAppPOCV2/BibleAppPOCV2/Models/LegacyBibleModels.swift (in target 'BibleAppPOCV2' from project 'BibleAppPOCV2')
Failed frontend command:
/Applications/Xcode.app/Contents/Developer/Toolchains/XcodeDefault.xctoolchain/usr/bin/swift-frontend -frontend -c /Users/jeffhedrick/Pictures/GitHub/BibleAppPOCV2/BibleAppPOCV2/ViewModels/VerseSummaryViewModel.swift /Users/jeffhedrick/Pictures/GitHub/BibleAppPOCV2/BibleAppPOCV2/Protocols/BibleDataLoading.swift /Users/jeffhedrick/Pictures/GitHub/BibleAppPOCV2/BibleAppPOCV2/Services/FragmentedPageNavigationManager.swift /Users/jeffhedrick/Pictures/GitHub/BibleAppPOCV2/BibleAppPOCV2/Views/BookTileView.swift /Users/jeffhedrick/Pictures/GitHub/BibleAppPOCV2/BibleAppPOCV2/Services/PageContentGenerator.swift /Users/jeffhedrick/Pictures/GitHub/BibleAppPOCV2/BibleAppPOCV2/Models/Page.swift /Users/jeffhedrick/Pictures/GitHub/BibleAppPOCV2/BibleAppPOCV2/Views/OptimizedBookGridView.swift /Users/jeffhedrick/Pictures/GitHub/BibleAppPOCV2/BibleAppPOCV2/OptimizedBibleApp.swift /Users/jeffhedrick/Pictures/GitHub/BibleAppPOCV2/BibleAppPOCV2/DI/DependencyContainer.swift /Users/jeffhedrick/Pictures/GitHub/BibleAppPOCV2/BibleAppPOCV2/Utilities/DebugLogger.swift /Users/jeffhedrick/Pictures/GitHub/BibleAppPOCV2/BibleAppPOCV2/Services/JITTextFormatter.swift /Users/jeffhedrick/Pictures/GitHub/BibleAppPOCV2/BibleAppPOCV2/Views/BookTitleView.swift /Users/jeffhedrick/Pictures/GitHub/BibleAppPOCV2/BibleAppPOCV2/Infrastructure/ServiceProtocols.swift /Users/jeffhedrick/Pictures/GitHub/BibleAppPOCV2/BibleAppPOCV2/Services/PageFormatter.swift /Users/jeffhedrick/Pictures/GitHub/BibleAppPOCV2/BibleAppPOCV2/Models/OptimizedBibleDataLoader.swift /Users/jeffhedrick/Pictures/GitHub/BibleAppPOCV2/BibleAppPOCV2/Models/VerseFragment.swift /Users/jeffhedrick/Pictures/GitHub/BibleAppPOCV2/BibleAppPOCV2/MLModels/MLXVerseSummarizer.swift /Users/jeffhedrick/Pictures/GitHub/BibleAppPOCV2/BibleAppPOCV2/Models/VerseEntry.swift /Users/jeffhedrick/Pictures/GitHub/BibleAppPOCV2/BibleAppPOCV2/Utilities/PerformanceMonitor.swift /Users/jeffhedrick/Pictures/GitHub/BibleAppPOCV2/BibleAppPOCV2/ViewModifiers/GlassModifier.swift -primary-file /Users/jeffhedrick/Pictures/GitHub/BibleAppPOCV2/BibleAppPOCV2/Services/LLMService.swift -primary-file /Users/jeffhedrick/Pictures/GitHub/BibleAppPOCV2/BibleAppPOCV2/Models/PageSnapshot.swift -primary-file /Users/jeffhedrick/Pictures/GitHub/BibleAppPOCV2/BibleAppPOCV2/Views/ChapterNumberView.swift -primary-file /Users/jeffhedrick/Pictures/GitHub/BibleAppPOCV2/BibleAppPOCV2/Services/PageHistoryRestorer.swift -primary-file /Users/jeffhedrick/Pictures/GitHub/BibleAppPOCV2/BibleAppPOCV2/Models/LegacyBibleModels.swift /Users/jeffhedrick/Pictures/GitHub/BibleAppPOCV2/BibleAppPOCV2/Views/OptimizedChapterView.swift /Users/jeffhedrick/Pictures/GitHub/BibleAppPOCV2/BibleAppPOCV2/Infrastructure/RepositoryProtocols.swift /Users/jeffhedrick/Pictures/GitHub/BibleAppPOCV2/BibleAppPOCV2/Models/VerseSummary.swift /Users/jeffhedrick/Pictures/GitHub/BibleAppPOCV2/BibleAppPOCV2/Models/UnifiedBibleModels.swift /Users/jeffhedrick/Pictures/GitHub/BibleAppPOCV2/BibleAppPOCV2/Utilities/TruncationDetector.swift /Users/jeffhedrick/Pictures/GitHub/BibleAppPOCV2/BibleAppPOCV2/Services/BibleFormatter.swift /Users/jeffhedrick/Pictures/GitHub/BibleAppPOCV2/BibleAppPOCV2/Services/OnDemandPageGenerator.swift /Users/jeffhedrick/Pictures/GitHub/BibleAppPOCV2/BibleAppPOCV2/Models/PageSlice.swift /Users/jeffhedrick/Pictures/GitHub/BibleAppPOCV2/BibleAppPOCV2/Views/CrosswayTypographyExample.swift /Users/jeffhedrick/Pictures/GitHub/BibleAppPOCV2/BibleAppPOCV2/Services/PageHistoryService.swift /Users/jeffhedrick/Pictures/GitHub/BibleAppPOCV2/BibleAppPOCV2/Models/LayoutMetrics.swift /Users/jeffhedrick/Pictures/GitHub/BibleAppPOCV2/BibleAppPOCV2/Views/OptimizedVerseView.swift /Users/jeffhedrick/Pictures/GitHub/BibleAppPOCV2/BibleAppPOCV2/Tokenizer/BARTTokenizer.swift /Users/jeffhedrick/Pictures/GitHub/BibleAppPOCV2/BibleAppPOCV2/Infrastructure/OptimizedBibleRepository.swift /Users/jeffhedrick/Pictures/GitHub/BibleAppPOCV2/BibleAppPOCV2/Models/Typography.swift /Users/jeffhedrick/Pictures/GitHub/BibleAppPOCV2/BibleAppPOCV2/Services/BibleTextFormatter.swift /Users/jeffhedrick/Pictures/GitHub/BibleAppPOCV2/BibleAppPOCV2/Views/BackgroundView.swift /Users/jeffhedrick/Pictures/GitHub/BibleAppPOCV2/BibleAppPOCV2/Models/PageNode.swift /Users/jeffhedrick/Pictures/GitHub/BibleAppPOCV2/BibleAppPOCV2/Views/HeaderView.swift /Users/jeffhedrick/Pictures/GitHub/BibleAppPOCV2/BibleAppPOCV2/Services/T5Tokenizer.swift /Users/jeffhedrick/Pictures/GitHub/BibleAppPOCV2/BibleAppPOCV2/Models/ImprovedBibleModels.swift /Users/jeffhedrick/Pictures/GitHub/BibleAppPOCV2/BibleAppPOCV2/Views/VerseSummaryPopupView.swift /Users/jeffhedrick/Pictures/GitHub/BibleAppPOCV2/BibleAppPOCV2/Tokenizer/BibleTextEncoder.swift /Users/jeffhedrick/Pictures/GitHub/BibleAppPOCV2/BibleAppPOCV2/ViewModels/OptimizedBibleViewModel.swift /Users/jeffhedrick/Pictures/GitHub/BibleAppPOCV2/BibleAppPOCV2/Services/FragmentedPageGenerator.swift /Users/jeffhedrick/Pictures/GitHub/BibleAppPOCV2/BibleAppPOCV2/Models/ReaderModels.swift /Users/jeffhedrick/Pictures/GitHub/BibleAppPOCV2/BibleAppPOCV2/Views/BibleReaderView.swift /Users/jeffhedrick/Pictures/GitHub/BibleAppPOCV2/BibleAppPOCV2/Services/PageCache.swift /Users/jeffhedrick/Pictures/GitHub/BibleAppPOCV2/BibleAppPOCV2/Models/PageHistoryEntry.swift /Users/jeffhedrick/Pictures/GitHub/BibleAppPOCV2/BibleAppPOCV2/Views/OptimizedBibleReaderView.swift /Users/jeffhedrick/Pictures/GitHub/BibleAppPOCV2/BibleAppPOCV2/Services/VerseFragmentGenerator.swift /Users/jeffhedrick/Pictures/GitHub/BibleAppPOCV2/BibleAppPOCV2/Models/BibleDataLoader.swift /Users/jeffhedrick/Library/Developer/Xcode/DerivedData/BibleAppPOCV2-adkitdvigthbrbbfojrmuqlfmctd/Build/Intermediates.noindex/BibleAppPOCV2.build/Debug-iphonesimulator/BibleAppPOCV2.build/DerivedSources/CoreMLGenerated/flan_t5_encoder/flan_t5_encoder.swift /Users/jeffhedrick/Library/Developer/Xcode/DerivedData/BibleAppPOCV2-adkitdvigthbrbbfojrmuqlfmctd/Build/Intermediates.noindex/BibleAppPOCV2.build/Debug-iphonesimulator/BibleAppPOCV2.build/DerivedSources/GeneratedAssetSymbols.swift -supplementary-output-file-map /Users/jeffhedrick/Library/Developer/Xcode/DerivedData/BibleAppPOCV2-adkitdvigthbrbbfojrmuqlfmctd/Build/Intermediates.noindex/BibleAppPOCV2.build/Debug-iphonesimulator/BibleAppPOCV2.build/Objects-normal/arm64/supplementaryOutputs-5 -emit-localized-strings -emit-localized-strings-path /Users/jeffhedrick/Library/Developer/Xcode/DerivedData/BibleAppPOCV2-adkitdvigthbrbbfojrmuqlfmctd/Build/Intermediates.noindex/BibleAppPOCV2.build/Debug-iphonesimulator/BibleAppPOCV2.build/Objects-normal/arm64 -target arm64-apple-ios18.5-simulator -Xllvm -aarch64-use-tbi -enable-objc-interop -sdk /Applications/Xcode.app/Contents/Developer/Platforms/iPhoneSimulator.platform/Developer/SDKs/iPhoneSimulator18.5.sdk -I /Users/jeffhedrick/Library/Developer/Xcode/DerivedData/BibleAppPOCV2-adkitdvigthbrbbfojrmuqlfmctd/Build/Products/Debug-iphonesimulator -F /Users/jeffhedrick/Library/Developer/Xcode/DerivedData/BibleAppPOCV2-adkitdvigthbrbbfojrmuqlfmctd/Build/Products/Debug-iphonesimulator -no-color-diagnostics -enable-testing -g -debug-info-format\=dwarf -dwarf-version\=5 -module-cache-path /Users/jeffhedrick/Library/Developer/Xcode/DerivedData/ModuleCache.noindex -profile-generate -profile-coverage-mapping -swift-version 5 -enforce-exclusivity\=checked -Onone -D DEBUG -serialize-debugging-options -const-gather-protocols-file /Users/jeffhedrick/Library/Developer/Xcode/DerivedData/BibleAppPOCV2-adkitdvigthbrbbfojrmuqlfmctd/Build/Intermediates.noindex/BibleAppPOCV2.build/Debug-iphonesimulator/BibleAppPOCV2.build/Objects-normal/arm64/BibleAppPOCV2_const_extract_protocols.json -enable-experimental-feature DebugDescriptionMacro -enable-bare-slash-regex -empty-abi-descriptor -validate-clang-modules-once -clang-build-session-file /Users/jeffhedrick/Library/Developer/Xcode/DerivedData/ModuleCache.noindex/Session.modulevalidation -Xcc -working-directory -Xcc /Users/jeffhedrick/Pictures/GitHub/BibleAppPOCV2 -resource-dir /Applications/Xcode.app/Contents/Developer/Toolchains/XcodeDefault.xctoolchain/usr/lib/swift -enable-anonymous-context-mangled-names -file-compilation-dir /Users/jeffhedrick/Pictures/GitHub/BibleAppPOCV2 -Xcc -ivfsstatcache -Xcc /Users/jeffhedrick/Library/Developer/Xcode/DerivedData/SDKStatCaches.noindex/iphonesimulator18.5-22F76-d5fc8ad4295d2ef488fb7d0f804ce0c4.sdkstatcache -Xcc -I/Users/jeffhedrick/Library/Developer/Xcode/DerivedData/BibleAppPOCV2-adkitdvigthbrbbfojrmuqlfmctd/Build/Intermediates.noindex/BibleAppPOCV2.build/Debug-iphonesimulator/BibleAppPOCV2.build/swift-overrides.hmap -Xcc -iquote -Xcc /Users/jeffhedrick/Library/Developer/Xcode/DerivedData/BibleAppPOCV2-adkitdvigthbrbbfojrmuqlfmctd/Build/Intermediates.noindex/BibleAppPOCV2.build/Debug-iphonesimulator/BibleAppPOCV2.build/BibleAppPOCV2-generated-files.hmap -Xcc -I/Users/jeffhedrick/Library/Developer/Xcode/DerivedData/BibleAppPOCV2-adkitdvigthbrbbfojrmuqlfmctd/Build/Intermediates.noindex/BibleAppPOCV2.build/Debug-iphonesimulator/BibleAppPOCV2.build/BibleAppPOCV2-own-target-headers.hmap -Xcc -I/Users/jeffhedrick/Library/Developer/Xcode/DerivedData/BibleAppPOCV2-adkitdvigthbrbbfojrmuqlfmctd/Build/Intermediates.noindex/BibleAppPOCV2.build/Debug-iphonesimulator/BibleAppPOCV2.build/BibleAppPOCV2-all-target-headers.hmap -Xcc -iquote -Xcc /Users/jeffhedrick/Library/Developer/Xcode/DerivedData/BibleAppPOCV2-adkitdvigthbrbbfojrmuqlfmctd/Build/Intermediates.noindex/BibleAppPOCV2.build/Debug-iphonesimulator/BibleAppPOCV2.build/BibleAppPOCV2-project-headers.hmap -Xcc -I/Users/jeffhedrick/Library/Developer/Xcode/DerivedData/BibleAppPOCV2-adkitdvigthbrbbfojrmuqlfmctd/Build/Products/Debug-iphonesimulator/include -Xcc -I/Users/jeffhedrick/Library/Developer/Xcode/DerivedData/BibleAppPOCV2-adkitdvigthbrbbfojrmuqlfmctd/Build/Intermediates.noindex/BibleAppPOCV2.build/Debug-iphonesimulator/BibleAppPOCV2.build/DerivedSources-normal/arm64 -Xcc -I/Users/jeffhedrick/Library/Developer/Xcode/DerivedData/BibleAppPOCV2-adkitdvigthbrbbfojrmuqlfmctd/Build/Intermediates.noindex/BibleAppPOCV2.build/Debug-iphonesimulator/BibleAppPOCV2.build/DerivedSources/arm64 -Xcc -I/Users/jeffhedrick/Library/Developer/Xcode/DerivedData/BibleAppPOCV2-adkitdvigthbrbbfojrmuqlfmctd/Build/Intermediates.noindex/BibleAppPOCV2.build/Debug-iphonesimulator/BibleAppPOCV2.build/DerivedSources -Xcc -DDEBUG\=1 -module-name BibleAppPOCV2 -frontend-parseable-output -disable-clang-spi -target-sdk-version 18.5 -target-sdk-name iphonesimulator18.5 -external-plugin-path /Applications/Xcode.app/Contents/Developer/Platforms/iPhoneOS.platform/Developer/usr/lib/swift/host/plugins\#/Applications/Xcode.app/Contents/Developer/Platforms/iPhoneOS.platform/Developer/usr/bin/swift-plugin-server -external-plugin-path /Applications/Xcode.app/Contents/Developer/Platforms/iPhoneOS.platform/Developer/usr/local/lib/swift/host/plugins\#/Applications/Xcode.app/Contents/Developer/Platforms/iPhoneOS.platform/Developer/usr/bin/swift-plugin-server -in-process-plugin-server-path /Applications/Xcode.app/Contents/Developer/Toolchains/XcodeDefault.xctoolchain/usr/lib/swift/host/libSwiftInProcPluginServer.dylib -plugin-path /Applications/Xcode.app/Contents/Developer/Toolchains/XcodeDefault.xctoolchain/usr/lib/swift/host/plugins -plugin-path /Applications/Xcode.app/Contents/Developer/Toolchains/XcodeDefault.xctoolchain/usr/local/lib/swift/host/plugins -o /Users/jeffhedrick/Library/Developer/Xcode/DerivedData/BibleAppPOCV2-adkitdvigthbrbbfojrmuqlfmctd/Build/Intermediates.noindex/BibleAppPOCV2.build/Debug-iphonesimulator/BibleAppPOCV2.build/Objects-normal/arm64/LLMService.o -o /Users/jeffhedrick/Library/Developer/Xcode/DerivedData/BibleAppPOCV2-adkitdvigthbrbbfojrmuqlfmctd/Build/Intermediates.noindex/BibleAppPOCV2.build/Debug-iphonesimulator/BibleAppPOCV2.build/Objects-normal/arm64/PageSnapshot.o -o /Users/jeffhedrick/Library/Developer/Xcode/DerivedData/BibleAppPOCV2-adkitdvigthbrbbfojrmuqlfmctd/Build/Intermediates.noindex/BibleAppPOCV2.build/Debug-iphonesimulator/BibleAppPOCV2.build/Objects-normal/arm64/ChapterNumberView.o -o /Users/jeffhedrick/Library/Developer/Xcode/DerivedData/BibleAppPOCV2-adkitdvigthbrbbfojrmuqlfmctd/Build/Intermediates.noindex/BibleAppPOCV2.build/Debug-iphonesimulator/BibleAppPOCV2.build/Objects-normal/arm64/PageHistoryRestorer.o -o /Users/jeffhedrick/Library/Developer/Xcode/DerivedData/BibleAppPOCV2-adkitdvigthbrbbfojrmuqlfmctd/Build/Intermediates.noindex/BibleAppPOCV2.build/Debug-iphonesimulator/BibleAppPOCV2.build/Objects-normal/arm64/LegacyBibleModels.o -index-unit-output-path /BibleAppPOCV2.build/Debug-iphonesimulator/BibleAppPOCV2.build/Objects-normal/arm64/LLMService.o -index-unit-output-path /BibleAppPOCV2.build/Debug-iphonesimulator/BibleAppPOCV2.build/Objects-normal/arm64/PageSnapshot.o -index-unit-output-path /BibleAppPOCV2.build/Debug-iphonesimulator/BibleAppPOCV2.build/Objects-normal/arm64/ChapterNumberView.o -index-unit-output-path /BibleAppPOCV2.build/Debug-iphonesimulator/BibleAppPOCV2.build/Objects-normal/arm64/PageHistoryRestorer.o -index-unit-output-path /BibleAppPOCV2.build/Debug-iphonesimulator/BibleAppPOCV2.build/Objects-normal/arm64/LegacyBibleModels.o -index-store-path /Users/jeffhedrick/Library/Developer/Xcode/DerivedData/BibleAppPOCV2-adkitdvigthbrbbfojrmuqlfmctd/Index.noindex/DataStore -index-system-modules

SwiftCompile normal arm64 /Users/jeffhedrick/Pictures/GitHub/BibleAppPOCV2/BibleAppPOCV2/Services/LLMService.swift (in target 'BibleAppPOCV2' from project 'BibleAppPOCV2')
    cd /Users/jeffhedrick/Pictures/GitHub/BibleAppPOCV2
    

SwiftCompile normal arm64 /Users/jeffhedrick/Pictures/GitHub/BibleAppPOCV2/BibleAppPOCV2/Models/PageSnapshot.swift (in target 'BibleAppPOCV2' from project 'BibleAppPOCV2')
    cd /Users/jeffhedrick/Pictures/GitHub/BibleAppPOCV2
    
/Users/jeffhedrick/Pictures/GitHub/BibleAppPOCV2/BibleAppPOCV2/Models/PageSnapshot.swift:13:21: error: cannot find type 'VerseReference' in scope
    let startVerse: VerseReference
                    ^~~~~~~~~~~~~~
/Users/jeffhedrick/Pictures/GitHub/BibleAppPOCV2/BibleAppPOCV2/Models/PageSnapshot.swift:16:19: error: cannot find type 'VerseReference' in scope
    let endVerse: VerseReference
                  ^~~~~~~~~~~~~~
/Users/jeffhedrick/Pictures/GitHub/BibleAppPOCV2/BibleAppPOCV2/Models/PageSnapshot.swift:5:8: error: type 'PageSnapshot' does not conform to protocol 'Decodable'
struct PageSnapshot: Codable, Equatable {
       ^
Swift.Decodable.init:2:1: note: protocol requires initializer 'init(from:)' with type 'Decodable'
init(from decoder: any Decoder) throws}
^
/Users/jeffhedrick/Pictures/GitHub/BibleAppPOCV2/BibleAppPOCV2/Models/PageSnapshot.swift:13:9: note: cannot automatically synthesize 'Decodable' because 'VerseReference' does not conform to 'Decodable'
    let startVerse: VerseReference
        ^
/Users/jeffhedrick/Pictures/GitHub/BibleAppPOCV2/BibleAppPOCV2/Models/PageSnapshot.swift:16:9: note: cannot automatically synthesize 'Decodable' because 'VerseReference' does not conform to 'Decodable'
    let endVerse: VerseReference
        ^
/Users/jeffhedrick/Pictures/GitHub/BibleAppPOCV2/BibleAppPOCV2/Models/PageSnapshot.swift:5:8: error: type 'PageSnapshot' does not conform to protocol 'Encodable'
struct PageSnapshot: Codable, Equatable {
       ^
Swift.Encodable.encode:2:6: note: protocol requires function 'encode(to:)' with type 'Encodable'
func encode(to encoder: any Encoder) throws}
     ^
/Users/jeffhedrick/Pictures/GitHub/BibleAppPOCV2/BibleAppPOCV2/Models/PageSnapshot.swift:13:9: note: cannot automatically synthesize 'Encodable' because 'VerseReference' does not conform to 'Encodable'
    let startVerse: VerseReference
        ^
/Users/jeffhedrick/Pictures/GitHub/BibleAppPOCV2/BibleAppPOCV2/Models/PageSnapshot.swift:16:9: note: cannot automatically synthesize 'Encodable' because 'VerseReference' does not conform to 'Encodable'
    let endVerse: VerseReference
        ^
/Users/jeffhedrick/Pictures/GitHub/BibleAppPOCV2/BibleAppPOCV2/Models/PageSnapshot.swift:5:8: error: type 'PageSnapshot' does not conform to protocol 'Equatable'
struct PageSnapshot: Codable, Equatable {
       ^
/Users/jeffhedrick/Pictures/GitHub/BibleAppPOCV2/BibleAppPOCV2/Models/PageSnapshot.swift:13:9: note: stored property type '<<error type>>' does not conform to protocol 'Equatable', preventing synthesized conformance of 'PageSnapshot' to 'Equatable'
    let startVerse: VerseReference
        ^
/Users/jeffhedrick/Pictures/GitHub/BibleAppPOCV2/BibleAppPOCV2/Models/PageSnapshot.swift:16:9: note: stored property type '<<error type>>' does not conform to protocol 'Equatable', preventing synthesized conformance of 'PageSnapshot' to 'Equatable'
    let endVerse: VerseReference
        ^
Swift.==:1:24: note: candidate would match if 'PageSnapshot' conformed to 'RawRepresentable'
@inlinable public func == <T>(lhs: T, rhs: T) -> Bool where T : RawRepresentable, T.RawValue : Equatable
                       ^
Swift.FloatingPoint.==:2:20: note: candidate would match if 'PageSnapshot' conformed to 'FloatingPoint'
public static func == (lhs: Self, rhs: Self) -> Bool}
                   ^
Swift.BinaryInteger.==:2:20: note: candidate would match if 'PageSnapshot' conformed to 'BinaryInteger'
public static func == <Other>(lhs: Self, rhs: Other) -> Bool where Other : BinaryInteger}
                   ^
Swift._Pointer.==:2:20: note: candidate would match if 'PageSnapshot' conformed to '_Pointer'
public static func == (lhs: Self, rhs: Self) -> Bool}
                   ^
Swift._Pointer.==:2:31: note: candidate would match if 'PageSnapshot' conformed to '_Pointer'
@inlinable public static func == <Other>(lhs: Self, rhs: Other) -> Bool where Other : _Pointer}
                              ^
Swift.Strideable.==:2:31: note: candidate would match if 'PageSnapshot' conformed to 'Strideable'
@inlinable public static func == (x: Self, y: Self) -> Bool}
                              ^
Swift.StringProtocol.==:2:31: note: candidate would match if 'PageSnapshot' conformed to 'StringProtocol'
@inlinable public static func == <RHS>(lhs: Self, rhs: RHS) -> Bool where RHS : StringProtocol}
                              ^
Swift.SIMD.==:2:20: note: candidate would match if 'PageSnapshot' conformed to 'SIMD'
public static func == (a: Self, b: Self) -> Bool}
                   ^
Foundation.AttributedStringProtocol.==:2:20: note: candidate would match if 'PageSnapshot' conformed to 'AttributedStringProtocol'
public static func == <RHS>(lhs: Self, rhs: RHS) -> Bool where RHS : AttributedStringProtocol}
                   ^
Foundation._BridgedStoredNSError.==:2:20: note: candidate would match if 'PageSnapshot' conformed to '_BridgedStoredNSError'
public static func == (lhs: Self, rhs: Self) -> Bool}
                   ^
CoreFoundation._CFObject.==:2:20: note: candidate would match if 'PageSnapshot' conformed to '_CFObject'
public static func == (left: Self, right: Self) -> Bool}
                   ^
/Users/jeffhedrick/Pictures/GitHub/BibleAppPOCV2/BibleAppPOCV2/Models/PageSnapshot.swift:5:8: note: add stubs for conformance
struct PageSnapshot: Codable, Equatable {
       ^
Swift.Equatable.==:2:13: note: protocol requires function '==' with type '(PageSnapshot, PageSnapshot) -> Bool'
static func == (lhs: Self, rhs: Self) -> Bool}
            ^

SwiftCompile normal arm64 /Users/jeffhedrick/Pictures/GitHub/BibleAppPOCV2/BibleAppPOCV2/Views/ChapterNumberView.swift (in target 'BibleAppPOCV2' from project 'BibleAppPOCV2')
    cd /Users/jeffhedrick/Pictures/GitHub/BibleAppPOCV2
    

SwiftCompile normal arm64 /Users/jeffhedrick/Pictures/GitHub/BibleAppPOCV2/BibleAppPOCV2/Services/PageHistoryRestorer.swift (in target 'BibleAppPOCV2' from project 'BibleAppPOCV2')
    cd /Users/jeffhedrick/Pictures/GitHub/BibleAppPOCV2
    

SwiftCompile normal arm64 /Users/jeffhedrick/Pictures/GitHub/BibleAppPOCV2/BibleAppPOCV2/Models/LegacyBibleModels.swift (in target 'BibleAppPOCV2' from project 'BibleAppPOCV2')
    cd /Users/jeffhedrick/Pictures/GitHub/BibleAppPOCV2
    

SwiftCompile normal arm64 Compiling\ ImprovedBibleModels.swift,\ VerseSummaryPopupView.swift,\ BibleTextEncoder.swift,\ OptimizedBibleViewModel.swift,\ FragmentedPageGenerator.swift /Users/jeffhedrick/Pictures/GitHub/BibleAppPOCV2/BibleAppPOCV2/Models/ImprovedBibleModels.swift /Users/jeffhedrick/Pictures/GitHub/BibleAppPOCV2/BibleAppPOCV2/Views/VerseSummaryPopupView.swift /Users/jeffhedrick/Pictures/GitHub/BibleAppPOCV2/BibleAppPOCV2/Tokenizer/BibleTextEncoder.swift /Users/jeffhedrick/Pictures/GitHub/BibleAppPOCV2/BibleAppPOCV2/ViewModels/OptimizedBibleViewModel.swift /Users/jeffhedrick/Pictures/GitHub/BibleAppPOCV2/BibleAppPOCV2/Services/FragmentedPageGenerator.swift (in target 'BibleAppPOCV2' from project 'BibleAppPOCV2')
SwiftCompile normal arm64 /Users/jeffhedrick/Pictures/GitHub/BibleAppPOCV2/BibleAppPOCV2/Models/ImprovedBibleModels.swift (in target 'BibleAppPOCV2' from project 'BibleAppPOCV2')
    cd /Users/jeffhedrick/Pictures/GitHub/BibleAppPOCV2
    

SwiftCompile normal arm64 /Users/jeffhedrick/Pictures/GitHub/BibleAppPOCV2/BibleAppPOCV2/Views/VerseSummaryPopupView.swift (in target 'BibleAppPOCV2' from project 'BibleAppPOCV2')
    cd /Users/jeffhedrick/Pictures/GitHub/BibleAppPOCV2
    

SwiftCompile normal arm64 /Users/jeffhedrick/Pictures/GitHub/BibleAppPOCV2/BibleAppPOCV2/Tokenizer/BibleTextEncoder.swift (in target 'BibleAppPOCV2' from project 'BibleAppPOCV2')
    cd /Users/jeffhedrick/Pictures/GitHub/BibleAppPOCV2
    

SwiftCompile normal arm64 /Users/jeffhedrick/Pictures/GitHub/BibleAppPOCV2/BibleAppPOCV2/ViewModels/OptimizedBibleViewModel.swift (in target 'BibleAppPOCV2' from project 'BibleAppPOCV2')
    cd /Users/jeffhedrick/Pictures/GitHub/BibleAppPOCV2
    

SwiftCompile normal arm64 /Users/jeffhedrick/Pictures/GitHub/BibleAppPOCV2/BibleAppPOCV2/Services/FragmentedPageGenerator.swift (in target 'BibleAppPOCV2' from project 'BibleAppPOCV2')
    cd /Users/jeffhedrick/Pictures/GitHub/BibleAppPOCV2
    

SwiftEmitModule normal arm64 Emitting\ module\ for\ BibleAppPOCV2 (in target 'BibleAppPOCV2' from project 'BibleAppPOCV2')

EmitSwiftModule normal arm64 (in target 'BibleAppPOCV2' from project 'BibleAppPOCV2')
    cd /Users/jeffhedrick/Pictures/GitHub/BibleAppPOCV2
    

SwiftCompile normal arm64 Compiling\ VerseFragmentGenerator.swift,\ BibleDataLoader.swift,\ flan_t5_encoder.swift,\ GeneratedAssetSymbols.swift /Users/jeffhedrick/Pictures/GitHub/BibleAppPOCV2/BibleAppPOCV2/Services/VerseFragmentGenerator.swift /Users/jeffhedrick/Pictures/GitHub/BibleAppPOCV2/BibleAppPOCV2/Models/BibleDataLoader.swift /Users/jeffhedrick/Library/Developer/Xcode/DerivedData/BibleAppPOCV2-adkitdvigthbrbbfojrmuqlfmctd/Build/Intermediates.noindex/BibleAppPOCV2.build/Debug-iphonesimulator/BibleAppPOCV2.build/DerivedSources/CoreMLGenerated/flan_t5_encoder/flan_t5_encoder.swift /Users/jeffhedrick/Library/Developer/Xcode/DerivedData/BibleAppPOCV2-adkitdvigthbrbbfojrmuqlfmctd/Build/Intermediates.noindex/BibleAppPOCV2.build/Debug-iphonesimulator/BibleAppPOCV2.build/DerivedSources/GeneratedAssetSymbols.swift (in target 'BibleAppPOCV2' from project 'BibleAppPOCV2')
Command SwiftCompile failed with a nonzero exit code

